Lemma	Eng Gloss	POS	Level	Word source	Ex. ID	Form 	Analysis	Example Sentence	Translation	Reference	Topic(s)
аппетит	_	N.Masc.Inan	A1	MiP, LM	1	аппетит	Acc.Sing	_	_	_	_
аппетит	_	N.Masc.Inan	A1	MiP, LM	2	аппетиты	Nom.Plur	_	_	_	_
аппетит	_	N.Masc.Inan	A1	MiP, LM	3	аппетитом	Ins.Sing	_	_	_	_
багаж	_	N.Masc.Inan	A1	Golosa, MiP, LM, МН	1	багажа	Gen.Sing	_	_	_	_
багаж	_	N.Masc.Inan	A1	Golosa, MiP, LM, МН	2	багаж	Nom.Sing	_	_	_	_
багаж	_	N.Masc.Inan	A1	Golosa, MiP, LM, МН	3	багажом	Ins.Sing	_	_	_	_
бег	_	N.Masc.Inan	A1	LM	1	бегу	Loc.Sing	_	_	_	_
бег	_	N.Masc.Inan	A1	LM	2	бега	Gen.Sing	_	_	_	_
бег	_	N.Masc.Inan	A1	LM	3	беге	Loc.Sing	_	_	_	_
бегать	_	V	A1	Golosa, LM, МН	1	бегали	Plur.Past	_	_	_	_
бегать	_	V	A1	Golosa, LM, МН	2	бегать	Inf	_	_	_	_
бегать	_	V	A1	Golosa, LM, МН	3	бегала	Fem.Sing.Past	_	_	_	_
бежать	_	V	A1	LM	1	бежать	Inf	_	_	_	_
бежать	_	V	A1	LM	2	бежит	Sing.3.Pres/Fut	_	_	_	_
бежать	_	V	A1	LM	3	бежал	Masc.Sing.Past	_	_	_	_
берег	_	N.Masc.Inan	A1	LM	1	берегу	Loc.Sing	_	_	_	_
берег	_	N.Masc.Inan	A1	LM	2	берег	Acc.Sing	_	_	_	_
берег	_	N.Masc.Inan	A1	LM	3	берега	Gen.Sing	_	_	_	_
беречь	_	V	A1	LM	1	беречь	Inf	_	_	_	_
беречь	_	V	A1	LM	2	берёг	Masc.Sing.Past	_	_	_	_
беречь	_	V	A1	LM	3	берегла	Fem.Sing.Past	_	_	_	_
беседовать	_	V	A1	LM	1	беседовали	Plur.Past	_	_	_	_
беседовать	_	V	A1	LM	2	беседуем	Plur.1.Pres/Fut	_	_	_	_
беседовать	_	V	A1	LM	3	беседовать	Inf	_	_	_	_
бесплатный	_	A	A1	LM	1	бесплатного	Gen.Masc.Sing	_	_	_	_
бесплатный	_	A	A1	LM	2	бесплатная	Nom.Fem.Sing	_	_	_	_
бесплатный	_	A	A1	LM	3	бесплатной	Gen.Fem.Sing	_	_	_	_
бесплатный	_	A	A1	Golosa	1	бесплатного	Gen.Masc.Sing	_	_	_	_
бесплатный	_	A	A1	Golosa	2	бесплатная	Nom.Fem.Sing	_	_	_	_
бесплатный	_	A	A1	Golosa	3	бесплатной	Gen.Fem.Sing	_	_	_	_
биография	_	N.Fem.Inan	A1	LM	1	биография	Nom.Sing	_	_	_	_
биография	_	N.Fem.Inan	A1	LM	2	биографии	Gen.Sing	_	_	_	_
биография	_	N.Fem.Inan	A1	LM	3	биографию	Acc.Sing	_	_	_	_
бить	_	V	A1	LM	1	бьёт	Sing.3.Pres/Fut	_	_	_	_
бить	_	V	A1	LM	2	бить	Inf	_	_	_	_
бить	_	V	A1	LM	3	бил	Masc.Sing.Past	_	_	_	_
благодарить	_	V	A1	LM	1	благодарю	Sing.1.Pres/Fut	_	_	_	_
благодарить	_	V	A1	LM	2	благодарит	Sing.3.Pres/Fut	_	_	_	_
благодарить	_	V	A1	LM	3	благодарил	Masc.Sing.Past	_	_	_	_
бог	_	N.Masc.Anim	A1	MiP, LM	1	бог	Nom.Sing	_	_	_	_
бог	_	N.Masc.Anim	A1	MiP, LM	2	богу	Dat.Sing	_	_	_	_
бог	_	N.Masc.Anim	A1	MiP, LM	3	бога	Gen.Sing	_	_	_	_
больница	_	N.Fem.Inan	A1	Golosa, LM	1	больнице	Loc.Sing	_	_	_	_
больница	_	N.Fem.Inan	A1	Golosa, LM	2	больницу	Acc.Sing	_	_	_	_
больница	_	N.Fem.Inan	A1	Golosa, LM	3	больницы	Gen.Sing	_	_	_	_
булочка	_	N.Fem.Inan	A1	Golosa, MiP, LM, МН	1	булочки	Nom.Plur	_	_	_	_
бумага	_	N.Fem.Inan	A1	LM	1	бумаги	Gen.Sing	_	_	_	_
бумага	_	N.Fem.Inan	A1	LM	2	бумагу	Acc.Sing	_	_	_	_
бумага	_	N.Fem.Inan	A1	LM	3	бумаге	Loc.Sing	_	_	_	_
бутерброд	_	N.Masc.Inan	A1	Golosa, MiP, LM, МН	1	бутерброды	Acc.Plur	_	_	_	_
бутерброд	_	N.Masc.Inan	A1	Golosa, MiP, LM, МН	2	бутербродах	Loc.Plur	_	_	_	_
бутерброд	_	N.Masc.Inan	A1	Golosa, MiP, LM, МН	3	бутербродами	Ins.Plur	_	_	_	_
бутылка	_	N.Fem.Inan	A1	Golosa, MiP, LM	1	бутылку	Acc.Sing	_	_	_	_
бутылка	_	N.Fem.Inan	A1	Golosa, MiP, LM	2	бутылки	Gen.Sing	_	_	_	_
бутылка	_	N.Fem.Inan	A1	Golosa, MiP, LM	3	бутылок	Gen.Plur	_	_	_	_
бывать	_	V	A1	Golosa, MiP, LM, МН	1	бывает	Sing.3.Pres/Fut	_	_	_	_
бывать	_	V	A1	Golosa, MiP, LM, МН	2	бывают	Plur.3.Pres/Fut	_	_	_	_
бывать	_	V	A1	Golosa, MiP, LM, МН	3	бывало	Neut.Sing.Past	_	_	_	_
быстрый	_	A	A1	Golosa, LM	1	быстрого	Gen.Neut.Sing	_	_	_	_
быстрый	_	A	A1	Golosa, LM	2	быстрое	Nom.Neut.Sing	_	_	_	_
быстрый	_	A	A1	Golosa, LM	3	быстрой	Gen.Fem.Sing	_	_	_	_
важный	_	A	A1	Golosa, LM	1	важно	Neut.Sing	_	_	_	_
важный	_	A	A1	Golosa, LM	2	важное	Nom.Neut.Sing	_	_	_	_
важный	_	A	A1	Golosa, LM	3	важную	Acc.Fem.Sing	_	_	_	_
варить	_	V	A1	LM	1	варить	Inf	_	_	_	_
варить	_	V	A1	LM	2	варят	Plur.3.Pres/Fut	_	_	_	_
варить	_	V	A1	LM	3	варили	Plur.Past	_	_	_	_
везти	_	V	A1	LM, Поехали	1	везёт	Sing.3.Pres/Fut	_	_	_	_
везти	_	V	A1	LM, Поехали	2	везли	Plur.Past	_	_	_	_
везти	_	V	A1	LM, Поехали	3	везло	Neut.Sing.Past	_	_	_	_
вера	_	N.Fem.Inan	A1	LM	1	вера	Nom.Sing	_	_	_	_
вера	_	N.Fem.Inan	A1	LM	2	веры	Gen.Sing	_	_	_	_
вера	_	N.Fem.Inan	A1	LM	3	веру	Acc.Sing	_	_	_	_
верить	_	V	A1	LM, МН	1	верить	Inf	_	_	_	_
верить	_	V	A1	LM, МН	2	верю	Sing.1.Pres/Fut	_	_	_	_
верить	_	V	A1	LM, МН	3	верит	Sing.3.Pres/Fut	_	_	_	_
вернуть	_	V	A1	MiP, LM	1	вернуть	Inf	_	_	_	_
вернуть	_	V	A1	MiP, LM	2	вернули	Plur.Past	_	_	_	_
вернуть	_	V	A1	MiP, LM	3	вернула	Fem.Sing.Past	_	_	_	_
вернуться	_	V	A1	MiP, LM, МН	1	вернулся	Masc.Sing.Past	_	_	_	_
вернуться	_	V	A1	MiP, LM, МН	2	вернуться	Inf	_	_	_	_
вернуться	_	V	A1	MiP, LM, МН	3	вернулись	Plur.Past	_	_	_	_
весенний	_	A	A1	LM	1	весеннего	Gen.Masc.Sing	_	_	_	_
весенний	_	A	A1	LM	2	весенний	Nom.Masc.Sing	_	_	_	_
весенний	_	A	A1	LM	3	весеннюю	Acc.Fem.Sing	_	_	_	_
ветер	_	N.Masc.Inan	A1	Golosa, LM	1	ветер	Nom.Sing	_	_	_	_
ветер	_	N.Masc.Inan	A1	Golosa, LM	2	ветра	Gen.Sing	_	_	_	_
ветер	_	N.Masc.Inan	A1	Golosa, LM	3	ветром	Ins.Sing	_	_	_	_
вещь	_	N.Fem.Inan	A1	Golosa, LM, Поехали	1	вещей	Gen.Plur	_	_	_	_
вещь	_	N.Fem.Inan	A1	Golosa, LM, Поехали	2	вещи	Acc.Plur	_	_	_	_
вещь	_	N.Fem.Inan	A1	Golosa, LM, Поехали	3	вещь	Nom.Sing	_	_	_	_
вид	_	N.Masc.Inan	A1	Golosa, MiP, LM	1	виде	Loc.Sing	_	_	_	_
вид	_	N.Masc.Inan	A1	Golosa, MiP, LM	2	виду	Loc.Sing	_	_	_	_
вид	_	N.Masc.Inan	A1	Golosa, MiP, LM	3	видов	Gen.Plur	_	_	_	_
вилка	_	N.Fem.Inan	A1	LM, МН	1	вилкой	Ins.Sing	_	_	_	_
вилка	_	N.Fem.Inan	A1	LM, МН	2	вилок	Gen.Plur	_	_	_	_
вилка	_	N.Fem.Inan	A1	LM, МН	3	вилку	Acc.Sing	_	_	_	_
висеть	_	V	A1	Golosa, LM, МН	1	висит	Sing.3.Pres/Fut	_	_	_	_
висеть	_	V	A1	Golosa, LM, МН	2	висел	Masc.Sing.Past	_	_	_	_
висеть	_	V	A1	Golosa, LM, МН	3	висела	Fem.Sing.Past	_	_	_	_
включать	_	V	A1	Golosa, LM, МН	1	включает	Sing.3.Pres/Fut	_	_	_	_
включать	_	V	A1	Golosa, LM, МН	2	включать	Inf	_	_	_	_
включать	_	V	A1	Golosa, LM, МН	3	включают	Plur.3.Pres/Fut	_	_	_	_
включить	_	V	A1	МН	1	включить	Inf	_	_	_	_
включить	_	A	A1	МН	2	включены	Plur	_	_	_	_
включить	_	V	A1	МН	3	включил	Masc.Sing.Past	_	_	_	_
вкусный	_	A	A1	Golosa, MiP, LM, МН	1	вкусно	Neut.Sing	_	_	_	_
вкусный	_	A	A1	Golosa, MiP, LM, МН	2	вкусные	Nom.Plur	_	_	_	_
вкусный	_	A	A1	Golosa, MiP, LM, МН	3	вкусны	Plur	_	_	_	_
власть	_	N.Fem.Inan	A1	LM	1	власти	Gen.Sing	_	_	_	_
власть	_	N.Fem.Inan	A1	LM	2	власть	Nom.Sing	_	_	_	_
власть	_	N.Fem.Inan	A1	LM	3	властей	Gen.Plur	_	_	_	_
внимание	_	N.Neut.Inan	A1	Golosa, LM	1	внимание	Acc.Sing	_	_	_	_
внимание	_	N.Neut.Inan	A1	Golosa, LM	2	внимания	Gen.Sing	_	_	_	_
внимание	_	N.Neut.Inan	A1	Golosa, LM	3	вниманием	Ins.Sing	_	_	_	_
внимательный	_	A	A1	LM	1	внимательны	Plur	_	_	_	_
внимательный	_	A	A1	LM	2	внимательные	Nom.Plur	_	_	_	_
внимательный	_	A	A1	LM	3	внимательными	Ins.Plur	_	_	_	_
водить	_	V	A1	LM, Поехали	1	водит	Sing.3.Pres/Fut	_	_	_	_
водить	_	V	A1	LM, Поехали	2	водил	Masc.Sing.Past	_	_	_	_
водить	_	V	A1	LM, Поехали	3	водя	Pres/Fut	_	_	_	_
водка	_	N.Fem.Inan	A1	MiP, LM, МН	1	водки	Gen.Sing	_	_	_	_
водка	_	N.Fem.Inan	A1	MiP, LM, МН	2	водку	Acc.Sing	_	_	_	_
водка	_	N.Fem.Inan	A1	MiP, LM, МН	3	водка	Nom.Sing	_	_	_	_
возвращать	_	V	A1	LM	1	возвращают	Plur.3.Pres/Fut	_	_	_	_
возвращать	_	V	A1	LM	2	возвращает	Sing.3.Pres/Fut	_	_	_	_
возвращать	_	V	A1	LM	3	возвращать	Inf	_	_	_	_
возвращаться	_	V	A1	Golosa, MiP, LM	1	возвращается	Sing.3.Pres/Fut	_	_	_	_
возвращаться	_	V	A1	Golosa, MiP, LM	2	возвращаться	Inf	_	_	_	_
возвращаться	_	V	A1	Golosa, MiP, LM	3	возвращаясь	Pres/Fut	_	_	_	_
воздух	_	N.Masc.Inan	A1	LM, Поехали	1	воздуха	Gen.Sing	_	_	_	_
воздух	_	N.Masc.Inan	A1	LM, Поехали	2	воздухе	Loc.Sing	_	_	_	_
воздух	_	N.Masc.Inan	A1	LM, Поехали	3	воздух	Nom.Sing	_	_	_	_
возить	_	V	A1	LM, Поехали	1	возить	Inf	_	_	_	_
возить	_	V	A1	LM, Поехали	2	возила	Fem.Sing.Past	_	_	_	_
возить	_	V	A1	LM, Поехали	3	возили	Plur.Past	_	_	_	_
возраст	_	N.Masc.Inan	A1	Golosa, LM	1	возрасте	Loc.Sing	_	_	_	_
возраст	_	N.Masc.Inan	A1	Golosa, LM	2	возраста	Gen.Sing	_	_	_	_
возраст	_	N.Masc.Inan	A1	Golosa, LM	3	возраст	Nom.Sing	_	_	_	_
война	_	N.Fem.Inan	A1	MiP, LM	1	войны	Gen.Sing	_	_	_	_
война	_	N.Fem.Inan	A1	MiP, LM	2	война	Nom.Sing	_	_	_	_
война	_	N.Fem.Inan	A1	MiP, LM	3	войну	Acc.Sing	_	_	_	_
войти	_	V	A1	MiP	1	вошли	Plur.Past	_	_	_	_
войти	_	V	A1	MiP	2	вошёл	Masc.Sing.Past	_	_	_	_
войти	_	V	A1	MiP	3	войти	Inf	_	_	_	_
волноваться	_	V	A1	Golosa, LM	1	волноваться	Inf	_	_	_	_
волноваться	_	V	A1	Golosa, LM	2	волнуйся	Imper.Sing.2	_	_	_	_
волноваться	_	V	A1	Golosa, LM	3	волнуется	Sing.3.Pres/Fut	_	_	_	_
волос	_	N.Masc.Inan	A1	LM	1	волосы	Acc.Plur	_	_	_	_
волос	_	N.Masc.Inan	A1	LM	2	волос	Gen.Plur	_	_	_	_
волос	_	N.Masc.Inan	A1	LM	3	волосами	Ins.Plur	_	_	_	_
восток	_	N.Masc.Inan	A1	Golosa, LM, МН	1	востока	Gen.Sing	_	_	_	_
восток	_	N.Masc.Inan	A1	Golosa, LM, МН	2	востоке	Loc.Sing	_	_	_	_
восток	_	N.Masc.Inan	A1	Golosa, LM, МН	3	восток	Nom.Sing	_	_	_	_
восточный	_	A	A1	LM, МН	1	восточных	Gen.Plur	_	_	_	_
восточный	_	A	A1	LM, МН	2	восточные	Nom.Plur	_	_	_	_
восточный	_	A	A1	LM, МН	3	восточной	Gen.Fem.Sing	_	_	_	_
враг	_	N.Masc.Anim	A1	LM	1	враг	Nom.Sing	_	_	_	_
враг	_	N.Masc.Anim	A1	LM	2	врага	Gen.Sing	_	_	_	_
враг	_	N.Masc.Anim	A1	LM	3	враги	Nom.Plur	_	_	_	_
вспоминать	_	V	A1	LM	1	вспоминать	Inf	_	_	_	_
вспоминать	_	V	A1	LM	2	вспоминаю	Sing.1.Pres/Fut	_	_	_	_
вспоминать	_	V	A1	LM	3	вспоминает	Sing.3.Pres/Fut	_	_	_	_
вспомнить	_	V	A1	LM	1	вспомнить	Inf	_	_	_	_
вспомнить	_	V	A1	LM	2	вспомнил	Masc.Sing.Past	_	_	_	_
вспомнить	_	V	A1	LM	3	вспомнили	Plur.Past	_	_	_	_
вставать	_	V	A1	Golosa, MiP, LM, МН	1	встаёт	Sing.3.Pres/Fut	_	_	_	_
вставать	_	V	A1	Golosa, MiP, LM, МН	2	вставать	Inf	_	_	_	_
вставать	_	V	A1	Golosa, MiP, LM, МН	3	вставала	Fem.Sing.Past	_	_	_	_
встреча	_	N.Fem.Inan	A1	LM	1	встречи	Gen.Sing	_	_	_	_
встреча	_	N.Fem.Inan	A1	LM	2	встреча	Nom.Sing	_	_	_	_
встреча	_	N.Fem.Inan	A1	LM	3	встреч	Gen.Plur	_	_	_	_
встречаться	_	V	A1	Golosa, LM	1	встречаются	Plur.3.Pres/Fut	_	_	_	_
встречаться	_	V	A1	Golosa, LM	2	встречается	Sing.3.Pres/Fut	_	_	_	_
встречаться	_	V	A1	Golosa, LM	3	встречались	Plur.Past	_	_	_	_
второй	_	A	A1	Golosa, MiP, LM	1	второй	Nom.Masc.Sing	_	_	_	_
второй	_	A	A1	Golosa, MiP, LM	2	вторая	Nom.Fem.Sing	_	_	_	_
второй	_	A	A1	Golosa, MiP, LM	3	втором	Loc.Masc.Sing	_	_	_	_
входить	_	V	A1	Golosa, MiP, LM	1	входит	Sing.3.Pres/Fut	_	_	_	_
входить	_	V	A1	Golosa, MiP, LM	2	входят	Plur.3.Pres/Fut	_	_	_	_
входить	_	V	A1	Golosa, MiP, LM	3	входил	Masc.Sing.Past	_	_	_	_
вчерашний	_	A	A1	LM	1	вчерашнего	Gen.Neut.Sing	_	_	_	_
вчерашний	_	A	A1	LM	2	вчерашней	Gen.Fem.Sing	_	_	_	_
вчерашний	_	A	A1	LM	3	вчерашних	Gen.Plur	_	_	_	_
выбирать	_	V	A1	LM	1	выбирать	Inf	_	_	_	_
выбирать	_	V	A1	LM	2	выбирает	Sing.3.Pres/Fut	_	_	_	_
выбирать	_	V	A1	LM	3	выбирая	Pres/Fut	_	_	_	_
выйти	_	V	A1	MiP	1	вышел	Masc.Sing.Past	_	_	_	_
выйти	_	V	A1	MiP	2	вышла	Fem.Sing.Past	_	_	_	_
выйти	_	V	A1	MiP	3	выйти	Inf	_	_	_	_
выступать	_	V	A1	Golosa, LM	1	выступает	Sing.3.Pres/Fut	_	_	_	_
выступать	_	V	A1	Golosa, LM	2	выступать	Inf	_	_	_	_
выступать	_	V	A1	Golosa, LM	3	выступают	Plur.3.Pres/Fut	_	_	_	_
выходить	_	V	A1	Golosa, MiP, LM	1	выходит	Sing.3.Pres/Fut	_	_	_	_
выходить	_	V	A1	Golosa, MiP, LM	2	выходят	Plur.3.Pres/Fut	_	_	_	_
выходить	_	V	A1	Golosa, MiP, LM	3	выходить	Inf	_	_	_	_
галерея	_	N.Fem.Inan	A1	Golosa, LM	1	галерею	Acc.Sing	_	_	_	_
галерея	_	N.Fem.Inan	A1	Golosa, LM	2	галерее	Loc.Sing	_	_	_	_
галерея	_	N.Fem.Inan	A1	Golosa, LM	3	галереях	Loc.Plur	_	_	_	_
герой	_	N.Masc.Anim	A1	LM	1	герой	Nom.Sing	_	_	_	_
герой	_	N.Masc.Anim	A1	LM	2	героев	Gen.Plur	_	_	_	_
герой	_	N.Masc.Anim	A1	LM	3	героя	Gen.Sing	_	_	_	_
главный	_	A	A1	Golosa, LM	1	главный	Nom.Masc.Sing	_	_	_	_
главный	_	A	A1	Golosa, LM	2	главным	Ins.Masc.Sing	_	_	_	_
главный	_	A	A1	Golosa, LM	3	главных	Gen.Plur	_	_	_	_
глубокий	_	A	A1	LM	1	глубокой	Gen.Fem.Sing	_	_	_	_
глубокий	_	A	A1	LM	2	глубокая	Nom.Fem.Sing	_	_	_	_
глубокий	_	A	A1	LM	3	глубокого	Gen.Neut.Sing	_	_	_	_
глупый	_	A	A1	Golosa, LM, Кс	1	глупая	Nom.Fem.Sing	_	_	_	_
глупый	_	A	A1	Golosa, LM, Кс	2	глупый	Nom.Masc.Sing	_	_	_	_
глупый	_	A	A1	Golosa, LM, Кс	3	глупые	Nom.Plur	_	_	_	_
голос	_	N.Masc.Inan	A1	Golosa, LM	1	голос	Nom.Sing	_	_	_	_
голос	_	N.Masc.Inan	A1	Golosa, LM	2	голосом	Ins.Sing	_	_	_	_
голос	_	N.Masc.Inan	A1	Golosa, LM	3	голосов	Gen.Plur	_	_	_	_
гора	_	N.Fem.Inan	A1	Golosa, LM	1	гору	Acc.Sing	_	_	_	_
гора	_	N.Fem.Inan	A1	Golosa, LM	2	горы	Acc.Plur	_	_	_	_
гора	_	N.Fem.Inan	A1	Golosa, LM	3	гор	Gen.Plur	_	_	_	_
горький	_	A	A1	LM	1	горько	Neut.Sing	_	_	_	_
горький	_	A	A1	LM	2	горькой	Gen.Fem.Sing	_	_	_	_
горький	_	A	A1	LM	3	горькая	Nom.Fem.Sing	_	_	_	_
государство	_	N.Neut.Inan	A1	LM	1	государства	Gen.Sing	_	_	_	_
государство	_	N.Neut.Inan	A1	LM	2	государство	Nom.Sing	_	_	_	_
государство	_	N.Neut.Inan	A1	LM	3	государств	Gen.Plur	_	_	_	_
готовить	_	V	A1	Golosa, MiP, LM	1	готовят	Plur.3.Pres/Fut	_	_	_	_
готовить	_	V	A1	Golosa, MiP, LM	2	готовить	Inf	_	_	_	_
готовить	_	V	A1	Golosa, MiP, LM	3	готовит	Sing.3.Pres/Fut	_	_	_	_
градус	_	N.Masc.Inan	A1	Golosa, MiP, LM	1	градусов	Gen.Plur	_	_	_	_
градус	_	N.Masc.Inan	A1	Golosa, MiP, LM	2	градуса	Gen.Sing	_	_	_	_
градус	_	N.Masc.Inan	A1	Golosa, MiP, LM	3	град	Gen.Plur	_	_	_	_
грамматика	_	N.Fem.Inan	A1	Golosa, LM	1	грамматики	Gen.Sing	_	_	_	_
грамматика	_	N.Fem.Inan	A1	Golosa, LM	2	грамматику	Acc.Sing	_	_	_	_
грамматика	_	N.Fem.Inan	A1	Golosa, LM	3	грамматикой	Ins.Sing	_	_	_	_
граница	_	N.Fem.Inan	A1	LM	1	границей	Ins.Sing	_	_	_	_
граница	_	N.Fem.Inan	A1	LM	2	границу	Acc.Sing	_	_	_	_
граница	_	N.Fem.Inan	A1	LM	3	границ	Gen.Plur	_	_	_	_
грипп	_	N.Masc.Inan	A1	Golosa, MiP, LM, Поехали, Кс	1	гриппа	Gen.Sing	_	_	_	_
грипп	_	N.Masc.Inan	A1	Golosa, MiP, LM, Поехали, Кс	2	гриппом	Ins.Sing	_	_	_	_
грустный	_	A	A1	Golosa, LM	1	грустный	Nom.Masc.Sing	_	_	_	_
грустный	_	A	A1	Golosa, LM	2	грустные	Nom.Plur	_	_	_	_
грустный	_	A	A1	Golosa, LM	3	грустно	Neut.Sing	_	_	_	_
грязный	_	A	A1	LM	1	грязная	Nom.Fem.Sing	_	_	_	_
грязный	_	A	A1	LM	2	грязные	Nom.Plur	_	_	_	_
грязный	_	A	A1	LM	3	грязную	Acc.Fem.Sing	_	_	_	_
далекий	_	A	A1	LM	1	далёкие	Nom.Plur	_	_	_	_
далекий	_	A	A1	LM	2	далёких	Gen.Plur	_	_	_	_
далекий	_	A	A1	LM	3	далёкой	Loc.Fem.Sing	_	_	_	_
дата	_	N.Fem.Inan	A1	LM	1	даты	Gen.Sing	_	_	_	_
дата	_	N.Fem.Inan	A1	LM	2	дата	Nom.Sing	_	_	_	_
дата	_	N.Fem.Inan	A1	LM	3	датой	Ins.Sing	_	_	_	_
деревня	_	N.Fem.Inan	A1	LM	1	деревне	Loc.Sing	_	_	_	_
деревня	_	N.Fem.Inan	A1	LM	2	деревню	Acc.Sing	_	_	_	_
деревня	_	N.Fem.Inan	A1	LM	3	деревня	Nom.Sing	_	_	_	_
дерево	_	N.Neut.Inan	A1	LM	1	деревьев	Gen.Plur	_	_	_	_
дерево	_	N.Neut.Inan	A1	LM	2	дерева	Gen.Sing	_	_	_	_
дерево	_	N.Neut.Inan	A1	LM	3	деревья	Nom.Plur	_	_	_	_
держать	_	V	A1	MiP, LM	1	держать	Inf	_	_	_	_
держать	_	V	A1	MiP, LM	2	держал	Masc.Sing.Past	_	_	_	_
держать	_	V	A1	MiP, LM	3	держит	Sing.3.Pres/Fut	_	_	_	_
детство	_	N.Neut.Inan	A1	LM	1	детстве	Loc.Sing	_	_	_	_
детство	_	N.Neut.Inan	A1	LM	2	детства	Gen.Sing	_	_	_	_
детство	_	N.Neut.Inan	A1	LM	3	детство	Acc.Sing	_	_	_	_
диалог	_	N.Masc.Inan	A1	Golosa, MiP, LM	1	диалога	Gen.Sing	_	_	_	_
диалог	_	N.Masc.Inan	A1	Golosa, MiP, LM	2	диалоге	Loc.Sing	_	_	_	_
диалог	_	N.Masc.Inan	A1	Golosa, MiP, LM	3	диалог	Nom.Sing	_	_	_	_
диван	_	N.Masc.Inan	A1	Golosa, MiP, LM	1	диване	Loc.Sing	_	_	_	_
диван	_	N.Masc.Inan	A1	Golosa, MiP, LM	2	диван	Acc.Sing	_	_	_	_
диван	_	N.Masc.Inan	A1	Golosa, MiP, LM	3	дивана	Gen.Sing	_	_	_	_
длинный	_	A	A1	Golosa, LM	1	длинными	Ins.Plur	_	_	_	_
длинный	_	A	A1	Golosa, LM	2	длинный	Nom.Masc.Sing	_	_	_	_
длинный	_	A	A1	Golosa, LM	3	длинная	Nom.Fem.Sing	_	_	_	_
довольный	_	A	A1	LM	1	доволен	Masc.Sing	_	_	_	_
довольный	_	A	A1	LM	2	довольны	Plur	_	_	_	_
довольный	_	A	A1	LM	3	довольный	Nom.Masc.Sing	_	_	_	_
доказывать	_	V	A1	LM	1	доказывать	Inf	_	_	_	_
доказывать	_	V	A1	LM	2	доказывает	Sing.3.Pres/Fut	_	_	_	_
доказывать	_	V	A1	LM	3	доказывал	Masc.Sing.Past	_	_	_	_
доктор	_	N.Masc.Anim	A1	Golosa, LM	1	доктор	Nom.Sing	_	_	_	_
доктор	_	N.Masc.Anim	A1	Golosa, LM	2	доктора	Nom.Plur	_	_	_	_
доктор	_	N.Masc.Anim	A1	Golosa, LM	3	доктору	Dat.Sing	_	_	_	_
домашний	_	A	A1	Golosa, LM	1	домашних	Gen.Plur	_	_	_	_
домашний	_	A	A1	Golosa, LM	2	домашние	Nom.Plur	_	_	_	_
домашний	_	A	A1	Golosa, LM	3	домашней	Gen.Fem.Sing	_	_	_	_
дружба	_	N.Fem.Inan	A1	LM	1	дружбы	Gen.Sing	_	_	_	_
дружба	_	N.Fem.Inan	A1	LM	2	дружба	Nom.Sing	_	_	_	_
дружба	_	N.Fem.Inan	A1	LM	3	дружбе	Loc.Sing	_	_	_	_
дружный	_	A	A1	LM	1	дружная	Nom.Fem.Sing	_	_	_	_
дружный	_	A	A1	LM	2	дружных	Loc.Plur	_	_	_	_
дружный	_	A	A1	LM	3	дружным	Dat.Plur	_	_	_	_
единственный	_	A	A1	Golosa, LM	1	единственный	Nom.Masc.Sing	_	_	_	_
единственный	_	A	A1	Golosa, LM	2	единственная	Nom.Fem.Sing	_	_	_	_
единственный	_	A	A1	Golosa, LM	3	единственное	Nom.Neut.Sing	_	_	_	_
елка	_	N.Fem.Inan	A1	LM	1	ёлку	Acc.Sing	_	_	_	_
елка	_	N.Fem.Inan	A1	LM	2	ёлок	Gen.Plur	_	_	_	_
елка	_	N.Fem.Inan	A1	LM	3	ёлкой	Ins.Sing	_	_	_	_
женатый	_	A	A1	MiP, LM	1	женат	Masc.Sing	_	_	_	_
женатый	_	A	A1	MiP, LM	2	женатых	Anim.Acc.Plur	_	_	_	_
жениться	_	V	A1	MiP, LM	1	женился	Masc.Sing.Past	_	_	_	_
жениться	_	V	A1	MiP, LM	2	жениться	Inf	_	_	_	_
жениться	_	V	A1	MiP, LM	3	женюсь	Sing.1.Pres/Fut	_	_	_	_
живой	_	A	A1	LM	1	живой	Nom.Masc.Sing	_	_	_	_
живой	_	A	A1	LM	2	живая	Nom.Fem.Sing	_	_	_	_
живой	_	A	A1	LM	3	живые	Nom.Plur	_	_	_	_
животное	_	N.Neut.Anim	A1	LM	1	животных	Gen.Plur	_	_	_	_
животное	_	N.Neut.Anim	A1	LM	2	животные	Nom.Plur	_	_	_	_
животное	_	N.Neut.Anim	A1	LM	3	животное	Nom.Sing	_	_	_	_
забывать	_	V	A1	Golosa, MiP, LM	1	забывать	Inf	_	_	_	_
забывать	_	V	A1	Golosa, MiP, LM	2	забывают	Plur.3.Pres/Fut	_	_	_	_
забывать	_	V	A1	Golosa, MiP, LM	3	забывайте	Imper.Plur.2	_	_	_	_
забыть	_	V	A1	MiP	1	забыл	Masc.Sing.Past	_	_	_	_
забыть	_	V	A1	MiP	2	забыла	Fem.Sing.Past	_	_	_	_
забыть	_	V	A1	MiP	3	забыть	Inf	_	_	_	_
задание	_	N.Neut.Inan	A1	Golosa, LM	1	задание	Acc.Sing	_	_	_	_
задание	_	N.Neut.Inan	A1	Golosa, LM	2	задания	Gen.Sing	_	_	_	_
задание	_	N.Neut.Inan	A1	Golosa, LM	3	заданий	Gen.Plur	_	_	_	_
задача	_	N.Fem.Inan	A1	LM	1	задач	Gen.Plur	_	_	_	_
задача	_	N.Fem.Inan	A1	LM	2	задачи	Gen.Sing	_	_	_	_
задача	_	N.Fem.Inan	A1	LM	3	задача	Nom.Sing	_	_	_	_
заказать	_	V	A1	MiP	1	заказать	Inf	_	_	_	_
заказать	_	V	A1	MiP	2	заказал	Masc.Sing.Past	_	_	_	_
заказать	_	V	A1	MiP	3	заказали	Plur.Past	_	_	_	_
заказывать	_	V	A1	Golosa, MiP, LM	1	заказывали	Plur.Past	_	_	_	_
заказывать	_	V	A1	Golosa, MiP, LM	2	заказывал	Masc.Sing.Past	_	_	_	_
заказывать	_	V	A1	Golosa, MiP, LM	3	заказывать	Inf	_	_	_	_
заканчивать	_	V	A1	Golosa, LM	1	заканчивала	Fem.Sing.Past	_	_	_	_
заканчивать	_	V	A1	Golosa, LM	2	заканчивал	Masc.Sing.Past	_	_	_	_
заканчивать	_	V	A1	Golosa, LM	3	заканчивая	Pres/Fut	_	_	_	_
закон	_	N.Masc.Inan	A1	LM	1	закон	Nom.Sing	_	_	_	_
закон	_	N.Masc.Inan	A1	LM	2	закона	Gen.Sing	_	_	_	_
закон	_	N.Masc.Inan	A1	LM	3	законов	Gen.Plur	_	_	_	_
закрывать	_	V	A1	LM	1	закрывают	Plur.3.Pres/Fut	_	_	_	_
закрывать	_	V	A1	LM	2	закрывать	Inf	_	_	_	_
закрывать	_	V	A1	LM	3	закрывал	Masc.Sing.Past	_	_	_	_
зал	_	N.Masc.Inan	A1	Golosa, MiP, LM	1	зале	Loc.Sing	_	_	_	_
зал	_	N.Masc.Inan	A1	Golosa, MiP, LM	2	зал	Acc.Sing	_	_	_	_
зал	_	N.Masc.Inan	A1	Golosa, MiP, LM	3	зала	Gen.Sing	_	_	_	_
замена	_	N.Fem.Inan	A1	LM	1	замены	Gen.Sing	_	_	_	_
замена	_	N.Fem.Inan	A1	LM	2	замена	Nom.Sing	_	_	_	_
замена	_	N.Fem.Inan	A1	LM	3	замену	Acc.Sing	_	_	_	_
замечательный	_	A	A1	LM	1	замечательный	Nom.Masc.Sing	_	_	_	_
замечательный	_	A	A1	LM	2	замечательная	Nom.Fem.Sing	_	_	_	_
замечательный	_	A	A1	LM	3	замечательных	Gen.Plur	_	_	_	_
замечать	_	V	A1	LM	1	замечает	Sing.3.Pres/Fut	_	_	_	_
замечать	_	V	A1	LM	2	замечал	Masc.Sing.Past	_	_	_	_
замечать	_	V	A1	LM	3	замечать	Inf	_	_	_	_
заниматься	_	V	A1	Golosa, MiP, LM	1	заниматься	Inf	_	_	_	_
заниматься	_	V	A1	Golosa, MiP, LM	2	занимается	Sing.3.Pres/Fut	_	_	_	_
заниматься	_	V	A1	Golosa, MiP, LM	3	занимался	Masc.Sing.Past	_	_	_	_
занятие	_	N.Neut.Inan	A1	Golosa, LM	1	занятия	Nom.Plur	_	_	_	_
занятие	_	N.Neut.Inan	A1	Golosa, LM	2	занятий	Gen.Plur	_	_	_	_
занятие	_	N.Neut.Inan	A1	Golosa, LM	3	занятие	Nom.Sing	_	_	_	_
запад	_	N.Masc.Inan	A1	Golosa, MiP, LM	1	запад	Acc.Sing	_	_	_	_
запад	_	N.Masc.Inan	A1	Golosa, MiP, LM	2	западе	Loc.Sing	_	_	_	_
запад	_	N.Masc.Inan	A1	Golosa, MiP, LM	3	западом	Ins.Sing	_	_	_	_
западный	_	A	A1	LM	1	западных	Gen.Plur	_	_	_	_
западный	_	A	A1	LM	2	западные	Nom.Plur	_	_	_	_
западный	_	A	A1	LM	3	западном	Loc.Masc.Sing	_	_	_	_
заплатить	_	V	A1	MiP, LM	1	заплатить	Inf	_	_	_	_
заплатить	_	V	A1	MiP, LM	2	заплатил	Masc.Sing.Past	_	_	_	_
заплатить	_	V	A1	MiP, LM	3	заплатили	Plur.Past	_	_	_	_
зарабатывать	_	V	A1	MiP, LM	1	зарабатывать	Inf	_	_	_	_
зарабатывать	_	V	A1	MiP, LM	2	зарабатывает	Sing.3.Pres/Fut	_	_	_	_
зарабатывать	_	V	A1	MiP, LM	3	зарабатывают	Plur.3.Pres/Fut	_	_	_	_
заработать	_	V	A1	MiP	1	заработать	Inf	_	_	_	_
заработать	_	V	A1	MiP	2	заработал	Masc.Sing.Past	_	_	_	_
заработать	_	V	A1	MiP	3	заработает	Sing.3.Pres/Fut	_	_	_	_
звать	_	V	A1	Golosa, MiP, LM	1	зовут	Plur.3.Pres/Fut	_	_	_	_
звать	_	V	A1	Golosa, MiP, LM	2	звали	Plur.Past	_	_	_	_
звать	_	V	A1	Golosa, MiP, LM	3	звать	Inf	_	_	_	_
звонок	_	N.Masc.Inan	A1	MiP, LM	1	звонок	Nom.Sing	_	_	_	_
звонок	_	N.Masc.Inan	A1	MiP, LM	2	звонков	Gen.Plur	_	_	_	_
звонок	_	N.Masc.Inan	A1	MiP, LM	3	звонки	Acc.Plur	_	_	_	_
звук	_	N.Masc.Inan	A1	Golosa, LM	1	звуков	Gen.Plur	_	_	_	_
звук	_	N.Masc.Inan	A1	Golosa, LM	2	звука	Gen.Sing	_	_	_	_
звук	_	N.Masc.Inan	A1	Golosa, LM	3	звук	Nom.Sing	_	_	_	_
земля	_	N.Fem.Inan	A1	LM	1	землю	Acc.Sing	_	_	_	_
земля	_	N.Fem.Inan	A1	LM	2	земли	Gen.Sing	_	_	_	_
земля	_	N.Fem.Inan	A1	LM	3	земле	Loc.Sing	_	_	_	_
зеркало	_	N.Neut.Inan	A1	LM	1	зеркало	Acc.Sing	_	_	_	_
зеркало	_	N.Neut.Inan	A1	LM	2	зеркале	Loc.Sing	_	_	_	_
зеркало	_	N.Neut.Inan	A1	LM	3	зеркала	Gen.Sing	_	_	_	_
зимний	_	A	A1	MiP, LM	1	зимнее	Inan.Acc.Neut.Sing	_	_	_	_
зимний	_	A	A1	MiP, LM	2	зимних	Gen.Plur	_	_	_	_
зимний	_	A	A1	MiP, LM	3	зимняя	Nom.Fem.Sing	_	_	_	_
злой	_	A	A1	LM, Кс	1	злые	Nom.Plur	_	_	_	_
злой	_	A	A1	LM, Кс	2	злых	Gen.Plur	_	_	_	_
злой	_	A	A1	LM, Кс	3	злая	Nom.Fem.Sing	_	_	_	_
знак	_	N.Masc.Inan	A1	LM	1	знак	Nom.Sing	_	_	_	_
знак	_	N.Masc.Inan	A1	LM	2	знака	Gen.Sing	_	_	_	_
знак	_	N.Masc.Inan	A1	LM	3	знаком	Ins.Sing	_	_	_	_
знакомиться	_	V	A1	MiP, LM	1	знакомиться	Inf	_	_	_	_
знакомиться	_	V	A1	MiP, LM	2	знакомимся	Plur.1.Pres/Fut	_	_	_	_
знакомиться	_	V	A1	MiP, LM	3	знакомится	Sing.3.Pres/Fut	_	_	_	_
знакомый	_	A	A1	Golosa, MiP, LM	1	знакомы	Plur	_	_	_	_
знакомый	_	N.Masc.Anim	A1	Golosa, MiP, LM	2	знакомых	Gen.Plur	_	_	_	_
знакомый	_	N.Masc.Anim	A1	Golosa, MiP, LM	3	знакомые	Nom.Plur	_	_	_	_
значение	_	N.Neut.Inan	A1	LM	1	значение	Acc.Sing	_	_	_	_
значение	_	N.Neut.Inan	A1	LM	2	значения	Gen.Sing	_	_	_	_
значение	_	N.Neut.Inan	A1	LM	3	значений	Gen.Plur	_	_	_	_
значить	_	V	A1	MiP, LM	1	значит	Sing.3.Pres/Fut	_	_	_	_
значить	_	V	A1	MiP, LM	2	значило	Neut.Sing.Past	_	_	_	_
значить	_	V	A1	MiP, LM	3	значат	Plur.3.Pres/Fut	_	_	_	_
золото	_	N.Neut.Inan	A1	LM	1	золота	Gen.Sing	_	_	_	_
золото	_	N.Neut.Inan	A1	LM	2	золото	Acc.Sing	_	_	_	_
золото	_	N.Neut.Inan	A1	LM	3	золотом	Ins.Sing	_	_	_	_
золотой	_	A	A1	LM	1	золотую	Acc.Fem.Sing	_	_	_	_
золотой	_	A	A1	LM	2	золотой	Nom.Masc.Sing	_	_	_	_
золотой	_	A	A1	LM	3	золотое	Nom.Neut.Sing	_	_	_	_
зонтик	_	N.Masc.Inan	A1	LM	1	зонтик	Nom.Sing	_	_	_	_
зонтик	_	N.Masc.Inan	A1	LM	2	зонтики	Acc.Plur	_	_	_	_
зонтик	_	N.Masc.Inan	A1	LM	3	зонтиком	Ins.Sing	_	_	_	_
зуб	_	N.Masc.Inan	A1	Golosa, LM	1	зуб	Nom.Sing	_	_	_	_
зуб	_	N.Masc.Inan	A1	Golosa, LM	2	зубы	Acc.Plur	_	_	_	_
зуб	_	N.Masc.Inan	A1	Golosa, LM	3	зубами	Ins.Plur	_	_	_	_
игрушка	_	N.Fem.Inan	A1	Golosa, LM, Поехали	1	игрушки	Acc.Plur	_	_	_	_
игрушка	_	N.Fem.Inan	A1	Golosa, LM, Поехали	2	игрушек	Gen.Plur	_	_	_	_
игрушка	_	N.Fem.Inan	A1	Golosa, LM, Поехали	3	игрушку	Acc.Sing	_	_	_	_
извинить	_	V	A1	MiP	1	извините	Imper.Plur.2	_	_	_	_
извинить	_	V	A1	MiP	2	извини	Imper.Sing.2	_	_	_	_
извинить	_	V	A1	MiP	3	извинить	Inf	_	_	_	_
извинять	_	A	A1	LM	1	извиняющую	Acc.Fem.Sing	_	_	_	_
изменять	_	V	A1	LM	1	изменять	Inf	_	_	_	_
изменять	_	V	A1	LM	2	изменяет	Sing.3.Pres/Fut	_	_	_	_
изменять	_	V	A1	LM	3	изменяют	Plur.3.Pres/Fut	_	_	_	_
изучать	_	V	A1	Golosa, MiP, LM	1	изучать	Inf	_	_	_	_
изучать	_	V	A1	Golosa, MiP, LM	2	изучал	Masc.Sing.Past	_	_	_	_
изучать	_	V	A1	Golosa, MiP, LM	3	изучали	Plur.Past	_	_	_	_
институт	_	N.Masc.Inan	A1	Golosa, LM	1	института	Gen.Sing	_	_	_	_
институт	_	N.Masc.Inan	A1	Golosa, LM	2	институт	Acc.Sing	_	_	_	_
институт	_	N.Masc.Inan	A1	Golosa, LM	3	институте	Loc.Sing	_	_	_	_
интерес	_	N.Masc.Inan	A1	LM	1	интерес	Acc.Sing	_	_	_	_
интерес	_	N.Masc.Inan	A1	LM	2	интересы	Acc.Plur	_	_	_	_
интерес	_	N.Masc.Inan	A1	LM	3	интересов	Gen.Plur	_	_	_	_
интересоваться	_	V	A1	Golosa, MiP, LM	1	интересуется	Sing.3.Pres/Fut	_	_	_	_
интересоваться	_	V	A1	Golosa, MiP, LM	2	интересоваться	Inf	_	_	_	_
интересоваться	_	V	A1	Golosa, MiP, LM	3	интересуются	Plur.3.Pres/Fut	_	_	_	_
искать	_	V	A1	Golosa, LM	1	искать	Inf	_	_	_	_
искать	_	V	A1	Golosa, LM	2	искал	Masc.Sing.Past	_	_	_	_
искать	_	V	A1	Golosa, LM	3	ищет	Sing.3.Pres/Fut	_	_	_	_
исследовать	_	V	A1	LM	1	исследовать	Inf	_	_	_	_
исследовать	_	V	A1	LM	2	исследовал	Masc.Sing.Past	_	_	_	_
исследовать	_	A	A1	LM	3	исследуемых	Gen.Plur	_	_	_	_
казаться	_	V	A1	MiP, LM	1	кажется	Sing.3.Pres/Fut	_	_	_	_
казаться	_	V	A1	MiP, LM	2	казалось	Neut.Sing.Past	_	_	_	_
казаться	_	V	A1	MiP, LM	3	казаться	Inf	_	_	_	_
каникулы	_	N.Inan	A1	Golosa, LM	1	каникулы	Acc.Plur	_	_	_	_
каникулы	_	N.Inan	A1	Golosa, LM	2	каникулах	Loc.Plur	_	_	_	_
каникулы	_	N.Inan	A1	Golosa, LM	3	каникул	Gen.Plur	_	_	_	_
картофель	_	N.Masc.Inan	A1	Golosa, LM, Поехали	1	картофеля	Gen.Sing	_	_	_	_
картофель	_	N.Masc.Inan	A1	Golosa, LM, Поехали	2	картофель	Nom.Sing	_	_	_	_
картофель	_	N.Masc.Inan	A1	Golosa, LM, Поехали	3	картофелем	Ins.Sing	_	_	_	_
каша	_	N.Fem.Inan	A1	Golosa, MiP, LM	1	кашу	Acc.Sing	_	_	_	_
каша	_	N.Fem.Inan	A1	Golosa, MiP, LM	2	каша	Nom.Sing	_	_	_	_
каша	_	N.Fem.Inan	A1	Golosa, MiP, LM	3	кашей	Ins.Sing	_	_	_	_
класть	_	V	A1	Golosa, MiP, LM	1	класть	Inf	_	_	_	_
класть	_	V	A1	Golosa, MiP, LM	2	кладёт	Sing.3.Pres/Fut	_	_	_	_
класть	_	V	A1	Golosa, MiP, LM	3	кладут	Plur.3.Pres/Fut	_	_	_	_
команда	_	N.Fem.Inan	A1	Golosa, LM	1	команды	Gen.Sing	_	_	_	_
команда	_	N.Fem.Inan	A1	Golosa, LM	2	команда	Nom.Sing	_	_	_	_
команда	_	N.Fem.Inan	A1	Golosa, LM	3	команду	Acc.Sing	_	_	_	_
компьютерный	_	A	A1	Golosa, LM	1	компьютерной	Gen.Fem.Sing	_	_	_	_
компьютерный	_	A	A1	Golosa, LM	2	компьютерных	Gen.Plur	_	_	_	_
компьютерный	_	A	A1	Golosa, LM	3	компьютерный	Nom.Masc.Sing	_	_	_	_
кончаться	_	V	A1	Golosa, MiP, LM	1	кончается	Sing.3.Pres/Fut	_	_	_	_
кончаться	_	A	A1	Golosa, MiP, LM	2	кончающийся	Inan.Acc.Masc.Sing	_	_	_	_
кончаться	_	V	A1	Golosa, MiP, LM	3	кончаются	Plur.3.Pres/Fut	_	_	_	_
кончиться	_	V	A1	MiP	1	кончилось	Neut.Sing.Past	_	_	_	_
кончиться	_	V	A1	MiP	2	кончится	Sing.3.Pres/Fut	_	_	_	_
кончиться	_	V	A1	MiP	3	кончилась	Fem.Sing.Past	_	_	_	_
корабль	_	N.Masc.Inan	A1	LM	1	корабль	Nom.Sing	_	_	_	_
корабль	_	N.Masc.Inan	A1	LM	2	кораблей	Gen.Plur	_	_	_	_
корабль	_	N.Masc.Inan	A1	LM	3	корабли	Acc.Plur	_	_	_	_
коридор	_	N.Masc.Inan	A1	Golosa, MiP, LM	1	коридоре	Loc.Sing	_	_	_	_
коридор	_	N.Masc.Inan	A1	Golosa, MiP, LM	2	коридор	Acc.Sing	_	_	_	_
коридор	_	N.Masc.Inan	A1	Golosa, MiP, LM	3	коридору	Dat.Sing	_	_	_	_
короткий	_	A	A1	Golosa, LM	1	короткие	Inan.Acc.Plur	_	_	_	_
короткий	_	A	A1	Golosa, LM	2	короткий	Nom.Masc.Sing	_	_	_	_
короткий	_	A	A1	Golosa, LM	3	коротких	Gen.Plur	_	_	_	_
космонавт	_	N.Masc.Anim	A1	LM	1	космонавт	Nom.Sing	_	_	_	_
космонавт	_	N.Masc.Anim	A1	LM	2	космонавтов	Gen.Plur	_	_	_	_
космонавт	_	N.Masc.Anim	A1	LM	3	космонавта	Acc.Sing	_	_	_	_
космос	_	N.Masc.Inan	A1	LM	1	космос	Acc.Sing	_	_	_	_
космос	_	N.Masc.Inan	A1	LM	2	космоса	Gen.Sing	_	_	_	_
космос	_	N.Masc.Inan	A1	LM	3	космосе	Loc.Sing	_	_	_	_
кровать	_	N.Fem.Inan	A1	Golosa, LM	1	кровать	Acc.Sing	_	_	_	_
кровать	_	N.Fem.Inan	A1	Golosa, LM	2	кровати	Loc.Sing	_	_	_	_
кровать	_	N.Fem.Inan	A1	Golosa, LM	3	кроватью	Ins.Sing	_	_	_	_
круглый	_	A	A1	LM	1	круглый	Nom.Masc.Sing	_	_	_	_
круглый	_	A	A1	LM	2	круглые	Nom.Plur	_	_	_	_
круглый	_	A	A1	LM	3	круглая	Nom.Fem.Sing	_	_	_	_
культура	_	N.Fem.Inan	A1	Golosa, LM	1	культуры	Gen.Sing	_	_	_	_
культура	_	N.Fem.Inan	A1	Golosa, LM	2	культура	Nom.Sing	_	_	_	_
культура	_	N.Fem.Inan	A1	Golosa, LM	3	культур	Gen.Plur	_	_	_	_
куртка	_	N.Fem.Inan	A1	Golosa, LM, Поехали	1	куртку	Acc.Sing	_	_	_	_
куртка	_	N.Fem.Inan	A1	Golosa, LM, Поехали	2	куртках	Loc.Plur	_	_	_	_
куртка	_	N.Fem.Inan	A1	Golosa, LM, Поехали	3	куртка	Nom.Sing	_	_	_	_
лекарство	_	N.Neut.Inan	A1	Golosa, LM	1	лекарства	Acc.Plur	_	_	_	_
лекарство	_	N.Neut.Inan	A1	Golosa, LM	2	лекарство	Acc.Sing	_	_	_	_
лекарство	_	N.Neut.Inan	A1	Golosa, LM	3	лекарств	Gen.Plur	_	_	_	_
лес	_	N.Masc.Inan	A1	Golosa, MiP, LM	1	лесу	Loc.Sing	_	_	_	_
лес	_	N.Masc.Inan	A1	Golosa, MiP, LM	2	леса	Gen.Sing	_	_	_	_
лес	_	N.Masc.Inan	A1	Golosa, MiP, LM	3	лес	Acc.Sing	_	_	_	_
лестница	_	N.Fem.Inan	A1	Golosa, LM	1	лестнице	Dat.Sing	_	_	_	_
лестница	_	N.Fem.Inan	A1	Golosa, LM	2	лестницы	Gen.Sing	_	_	_	_
лестница	_	N.Fem.Inan	A1	Golosa, LM	3	лестницу	Acc.Sing	_	_	_	_
летать	_	V	A1	LM	1	летают	Plur.3.Pres/Fut	_	_	_	_
летать	_	V	A1	LM	2	летать	Inf	_	_	_	_
летать	_	V	A1	LM	3	летал	Masc.Sing.Past	_	_	_	_
лететь	_	V	A1	Golosa, LM	1	летят	Plur.3.Pres/Fut	_	_	_	_
лететь	_	V	A1	Golosa, LM	2	летит	Sing.3.Pres/Fut	_	_	_	_
лететь	_	V	A1	Golosa, LM	3	летели	Plur.Past	_	_	_	_
летний	_	A	A1	MiP, LM	1	летний	Nom.Masc.Sing	_	_	_	_
летний	_	A	A1	MiP, LM	2	летние	Nom.Plur	_	_	_	_
летний	_	A	A1	MiP, LM	3	летним	Ins.Masc.Sing	_	_	_	_
лить	_	V	A1	LM	1	льют	Plur.3.Pres/Fut	_	_	_	_
лить	_	V	A1	LM	2	льёт	Sing.3.Pres/Fut	_	_	_	_
лить	_	A	A1	LM	3	лито	Neut.Sing	_	_	_	_
лифт	_	N.Masc.Inan	A1	Golosa, MiP, LM	1	лифте	Loc.Sing	_	_	_	_
лифт	_	N.Masc.Inan	A1	Golosa, MiP, LM	2	лифта	Gen.Sing	_	_	_	_
лифт	_	N.Masc.Inan	A1	Golosa, MiP, LM	3	лифтом	Ins.Sing	_	_	_	_
лоб	_	N.Masc.Inan	A1	LM, Кс	1	лоб	Acc.Sing	_	_	_	_
лоб	_	N.Masc.Inan	A1	LM, Кс	2	лбу	Dat.Sing	_	_	_	_
лоб	_	N.Masc.Inan	A1	LM, Кс	3	лба	Gen.Sing	_	_	_	_
луна	_	N.Fem.Inan	A1	LM	1	луна	Nom.Sing	_	_	_	_
луна	_	N.Fem.Inan	A1	LM	2	луны	Gen.Sing	_	_	_	_
луна	_	N.Fem.Inan	A1	LM	3	луну	Acc.Sing	_	_	_	_
лыжа	_	N.Fem.Inan	A1	LM	1	лыжах	Loc.Plur	_	_	_	_
медленный	_	A	A1	LM	1	медленными	Ins.Plur	_	_	_	_
медленный	_	A	A1	LM	2	медленный	Nom.Masc.Sing	_	_	_	_
медленный	_	A	A1	LM	3	медленные	Inan.Acc.Plur	_	_	_	_
медсестра	_	N.Fem.Anim	A1	Golosa, LM	1	медсестра	Nom.Sing	_	_	_	_
медсестра	_	N.Fem.Anim	A1	Golosa, LM	2	медсестрой	Ins.Sing	_	_	_	_
медсестра	_	N.Fem.Anim	A1	Golosa, LM	3	медсестёр	Gen.Plur	_	_	_	_
международный	_	A	A1	Golosa, LM	1	международных	Gen.Plur	_	_	_	_
международный	_	A	A1	Golosa, LM	2	международные	Nom.Plur	_	_	_	_
международный	_	A	A1	Golosa, LM	3	международный	Nom.Masc.Sing	_	_	_	_
менять	_	V	A1	LM	1	менять	Inf	_	_	_	_
менять	_	V	A1	LM	2	меняет	Sing.3.Pres/Fut	_	_	_	_
менять	_	V	A1	LM	3	меняют	Plur.3.Pres/Fut	_	_	_	_
мертвый	_	A	A1	LM	1	мертв	Masc.Sing	_	_	_	_
мертвый	_	N.Masc.Anim	A1	LM	2	мёртвых	Acc.Plur	_	_	_	_
мертвый	_	A	A1	LM	3	мёртвым	Ins.Masc.Sing	_	_	_	_
мечта	_	N.Fem.Inan	A1	MiP, LM	1	мечты	Gen.Sing	_	_	_	_
мечта	_	N.Fem.Inan	A1	MiP, LM	2	мечта	Nom.Sing	_	_	_	_
мечта	_	N.Fem.Inan	A1	MiP, LM	3	мечту	Acc.Sing	_	_	_	_
мешать	_	V	A1	LM	1	мешает	Sing.3.Pres/Fut	_	_	_	_
мешать	_	V	A1	LM	2	мешают	Plur.3.Pres/Fut	_	_	_	_
мешать	_	V	A1	LM	3	мешать	Inf	_	_	_	_
милиционер	_	N.Masc.Anim	A1	Golosa, LM	1	милиционер	Nom.Sing	_	_	_	_
милиционер	_	N.Masc.Anim	A1	Golosa, LM	2	милиционера	Gen.Sing	_	_	_	_
милиционер	_	N.Masc.Anim	A1	Golosa, LM	3	милиционеров	Gen.Plur	_	_	_	_
милый	_	A	A1	MiP, LM	1	мила	Fem.Sing	_	_	_	_
милый	_	A	A1	MiP, LM	2	милый	Nom.Masc.Sing	_	_	_	_
милый	_	A	A1	MiP, LM	3	милым	Ins.Masc.Sing	_	_	_	_
минус	_	N.Masc.Inan	A1	Golosa, LM	1	минус	Nom.Sing	_	_	_	_
минус	_	N.Masc.Inan	A1	Golosa, LM	2	минусы	Nom.Plur	_	_	_	_
минус	_	N.Masc.Inan	A1	Golosa, LM	3	минусов	Gen.Plur	_	_	_	_
мирный	_	A	A1	LM	1	мирным	Ins.Masc.Sing	_	_	_	_
мирный	_	A	A1	LM	2	мирное	Inan.Acc.Neut.Sing	_	_	_	_
мирный	_	A	A1	LM	3	мирные	Nom.Plur	_	_	_	_
модный	_	A	A1	Golosa, LM	1	модным	Ins.Masc.Sing	_	_	_	_
модный	_	A	A1	Golosa, LM	2	модные	Inan.Acc.Plur	_	_	_	_
модный	_	A	A1	Golosa, LM	3	модное	Inan.Acc.Neut.Sing	_	_	_	_
молодежь	_	N.Fem.Inan	A1	LM	1	молодёжи	Gen.Sing	_	_	_	_
молодежь	_	N.Fem.Inan	A1	LM	2	молодёжь	Nom.Sing	_	_	_	_
молодежь	_	N.Fem.Inan	A1	LM	3	молодёжью	Ins.Sing	_	_	_	_
молодец	_	N.Masc.Anim	A1	LM	1	молодец	Nom.Sing	_	_	_	_
молодец	_	N.Masc.Anim	A1	LM	2	молодцы	Nom.Plur	_	_	_	_
молодец	_	N.Masc.Anim	A1	LM	3	молодца	Gen.Sing	_	_	_	_
молодость	_	N.Fem.Inan	A1	LM	1	молодости	Gen.Sing	_	_	_	_
молодость	_	N.Fem.Inan	A1	LM	2	молодостью	Ins.Sing	_	_	_	_
молодость	_	N.Fem.Inan	A1	LM	3	молодость	Nom.Sing	_	_	_	_
молчать	_	V	A1	LM	1	молчал	Masc.Sing.Past	_	_	_	_
молчать	_	V	A1	LM	2	молчит	Sing.3.Pres/Fut	_	_	_	_
молчать	_	V	A1	LM	3	молчать	Inf	_	_	_	_
момент	_	N.Masc.Inan	A1	MiP, LM	1	момент	Acc.Sing	_	_	_	_
момент	_	N.Masc.Inan	A1	MiP, LM	2	момента	Gen.Sing	_	_	_	_
момент	_	N.Masc.Inan	A1	MiP, LM	3	моменты	Acc.Plur	_	_	_	_
мыло	_	N.Neut.Inan	A1	LM	1	мыло	Acc.Sing	_	_	_	_
мыло	_	N.Neut.Inan	A1	LM	2	мыла	Gen.Sing	_	_	_	_
мыло	_	N.Neut.Inan	A1	LM	3	мылом	Ins.Sing	_	_	_	_
мыть	_	V	A1	LM	1	мыть	Inf	_	_	_	_
мыть	_	V	A1	LM	2	мыла	Fem.Sing.Past	_	_	_	_
мыть	_	V	A1	LM	3	моют	Plur.3.Pres/Fut	_	_	_	_
мягкий	_	A	A1	Golosa, LM	1	мягкое	Inan.Acc.Neut.Sing	_	_	_	_
мягкий	_	A	A1	Golosa, LM	2	мягкой	Ins.Fem.Sing	_	_	_	_
мягкий	_	A	A1	Golosa, LM	3	мягким	Ins.Masc.Sing	_	_	_	_
мяч	_	N.Masc.Inan	A1	LM	1	мяч	Acc.Sing	_	_	_	_
мяч	_	N.Masc.Inan	A1	LM	2	мячу	Dat.Sing	_	_	_	_
мяч	_	N.Masc.Inan	A1	LM	3	мячей	Gen.Plur	_	_	_	_
надежда	_	N.Fem.Inan	A1	LM	1	надежда	Nom.Sing	_	_	_	_
надежда	_	N.Fem.Inan	A1	LM	2	надежды	Gen.Sing	_	_	_	_
надежда	_	N.Fem.Inan	A1	LM	3	надежду	Acc.Sing	_	_	_	_
надеяться	_	V	A1	Golosa, MiP, LM	1	надеюсь	Sing.1.Pres/Fut	_	_	_	_
надеяться	_	V	A1	Golosa, MiP, LM	2	надеяться	Inf	_	_	_	_
надеяться	_	V	A1	Golosa, MiP, LM	3	надеются	Plur.3.Pres/Fut	_	_	_	_
нарисовать	_	V	A1	LM	1	нарисовал	Masc.Sing.Past	_	_	_	_
нарисовать	_	V	A1	LM	2	нарисовать	Inf	_	_	_	_
нарисовать	_	A	A1	LM	3	нарисованы	Plur	_	_	_	_
народ	_	N.Masc.Inan	A1	LM	1	народ	Nom.Sing	_	_	_	_
народ	_	N.Masc.Inan	A1	LM	2	народа	Gen.Sing	_	_	_	_
народ	_	N.Masc.Inan	A1	LM	3	народов	Gen.Plur	_	_	_	_
наука	_	N.Fem.Inan	A1	LM	1	науки	Gen.Sing	_	_	_	_
наука	_	N.Fem.Inan	A1	LM	2	наук	Gen.Plur	_	_	_	_
наука	_	N.Fem.Inan	A1	LM	3	наука	Nom.Sing	_	_	_	_
находить	_	V	A1	Golosa, MiP, LM	1	находит	Sing.3.Pres/Fut	_	_	_	_
находить	_	V	A1	Golosa, MiP, LM	2	находят	Plur.3.Pres/Fut	_	_	_	_
находить	_	V	A1	Golosa, MiP, LM	3	находить	Inf	_	_	_	_
начало	_	N.Neut.Inan	A1	LM	1	начале	Loc.Sing	_	_	_	_
начало	_	N.Neut.Inan	A1	LM	2	начала	Gen.Sing	_	_	_	_
начало	_	N.Neut.Inan	A1	LM	3	начало	Nom.Sing	_	_	_	_
начать	_	V	A1	MiP	1	начал	Masc.Sing.Past	_	_	_	_
начать	_	V	A1	MiP	2	начали	Plur.Past	_	_	_	_
начать	_	V	A1	MiP	3	начала	Fem.Sing.Past	_	_	_	_
начинать	_	V	A1	MiP, LM	1	начинает	Sing.3.Pres/Fut	_	_	_	_
начинать	_	V	A1	MiP, LM	2	начинают	Plur.3.Pres/Fut	_	_	_	_
начинать	_	V	A1	MiP, LM	3	начиная	Pres/Fut	_	_	_	_
начинаться	_	V	A1	Golosa, LM	1	начинается	Sing.3.Pres/Fut	_	_	_	_
начинаться	_	V	A1	Golosa, LM	2	начиналась	Fem.Sing.Past	_	_	_	_
начинаться	_	V	A1	Golosa, LM	3	начинаются	Plur.3.Pres/Fut	_	_	_	_
небо	_	N.Neut.Inan	A1	LM	1	неба	Gen.Sing	_	_	_	_
небо	_	N.Neut.Inan	A1	LM	2	небе	Loc.Sing	_	_	_	_
небо	_	N.Neut.Inan	A1	LM	3	небо	Nom.Sing	_	_	_	_
несчастие	_	N.Neut.Inan	A1	LM	1	несчастья	Nom.Plur	_	_	_	_
несчастие	_	N.Neut.Inan	A1	LM	2	несчастий	Gen.Plur	_	_	_	_
несчастный	_	A	A1	LM	1	несчастная	Nom.Fem.Sing	_	_	_	_
несчастный	_	A	A1	LM	2	несчастного	Anim.Acc.Masc.Sing	_	_	_	_
несчастный	_	A	A1	LM	3	несчастных	Gen.Plur	_	_	_	_
низкий	_	A	A1	Golosa, LM	1	ниже	Comp	_	_	_	_
низкий	_	A	A1	Golosa, LM	2	низкий	Nom.Masc.Sing	_	_	_	_
низкий	_	A	A1	Golosa, LM	3	низкая	Nom.Fem.Sing	_	_	_	_
нос	_	N.Masc.Inan	A1	Golosa, LM	1	нос	Acc.Sing	_	_	_	_
нос	_	N.Masc.Inan	A1	Golosa, LM	2	носом	Ins.Sing	_	_	_	_
нос	_	N.Masc.Inan	A1	Golosa, LM	3	носа	Gen.Sing	_	_	_	_
носок	_	N.Masc.Inan	A1	LM	1	носки	Acc.Plur	_	_	_	_
носок	_	N.Masc.Inan	A1	LM	2	носках	Loc.Plur	_	_	_	_
носок	_	N.Masc.Inan	A1	LM	3	носком	Ins.Sing	_	_	_	_
обещать	_	V	A1	Golosa, LM	1	обещал	Masc.Sing.Past	_	_	_	_
обещать	_	V	A1	Golosa, LM	2	обещает	Sing.3.Pres/Fut	_	_	_	_
обещать	_	V	A1	Golosa, LM	3	обещают	Plur.3.Pres/Fut	_	_	_	_
общество	_	N.Neut.Inan	A1	Golosa, LM	1	общества	Gen.Sing	_	_	_	_
общество	_	N.Neut.Inan	A1	Golosa, LM	2	обществе	Loc.Sing	_	_	_	_
общество	_	N.Neut.Inan	A1	Golosa, LM	3	общество	Nom.Sing	_	_	_	_
объявление	_	N.Neut.Inan	A1	Golosa, LM	1	объявления	Acc.Plur	_	_	_	_
объявление	_	N.Neut.Inan	A1	Golosa, LM	2	объявление	Acc.Sing	_	_	_	_
объявление	_	N.Neut.Inan	A1	Golosa, LM	3	объявлений	Gen.Plur	_	_	_	_
объяснять	_	V	A1	Golosa, LM	1	объяснять	Inf	_	_	_	_
объяснять	_	V	A1	Golosa, LM	2	объясняет	Sing.3.Pres/Fut	_	_	_	_
объяснять	_	V	A1	Golosa, LM	3	объясняют	Plur.3.Pres/Fut	_	_	_	_
обыкновенный	_	A	A1	Golosa, LM	1	обыкновенный	Nom.Masc.Sing	_	_	_	_
обыкновенный	_	A	A1	Golosa, LM	2	обыкновенная	Nom.Fem.Sing	_	_	_	_
обыкновенный	_	A	A1	Golosa, LM	3	обыкновенных	Gen.Plur	_	_	_	_
обычный	_	A	A1	Golosa, LM	1	обычная	Nom.Fem.Sing	_	_	_	_
обычный	_	A	A1	Golosa, LM	2	обычные	Nom.Plur	_	_	_	_
обычный	_	A	A1	Golosa, LM	3	обычных	Gen.Plur	_	_	_	_
огромный	_	A	A1	Golosa, LM	1	огромный	Nom.Masc.Sing	_	_	_	_
огромный	_	A	A1	Golosa, LM	2	огромным	Ins.Masc.Sing	_	_	_	_
огромный	_	A	A1	Golosa, LM	3	огромное	Nom.Neut.Sing	_	_	_	_
одеваться	_	V	A1	Golosa, LM	1	одеваться	Inf	_	_	_	_
одеваться	_	V	A1	Golosa, LM	2	одевались	Plur.Past	_	_	_	_
одеваться	_	V	A1	Golosa, LM	3	одевайся	Imper.Sing.2	_	_	_	_
одинаковый	_	A	A1	LM	1	одинаковый	Nom.Masc.Sing	_	_	_	_
одинаковый	_	A	A1	LM	2	одинаковые	Nom.Plur	_	_	_	_
одинаковый	_	A	A1	LM	3	одинаковы	Plur	_	_	_	_
озеро	_	N.Neut.Inan	A1	Golosa, MiP, LM	1	озера	Gen.Sing	_	_	_	_
озеро	_	N.Neut.Inan	A1	Golosa, MiP, LM	2	озеро	Acc.Sing	_	_	_	_
озеро	_	N.Neut.Inan	A1	Golosa, MiP, LM	3	озере	Loc.Sing	_	_	_	_
окончание	_	N.Neut.Inan	A1	LM	1	окончания	Gen.Sing	_	_	_	_
окончание	_	N.Neut.Inan	A1	LM	2	окончании	Loc.Sing	_	_	_	_
окончание	_	N.Neut.Inan	A1	LM	3	окончание	Nom.Sing	_	_	_	_
опытный	_	A	A1	LM	1	опытный	Nom.Masc.Sing	_	_	_	_
опытный	_	A	A1	LM	2	опытные	Nom.Plur	_	_	_	_
опытный	_	A	A1	LM	3	опытным	Ins.Masc.Sing	_	_	_	_
осенний	_	A	A1	LM	1	осенний	Nom.Masc.Sing	_	_	_	_
осенний	_	A	A1	LM	2	осеннем	Loc.Masc.Sing	_	_	_	_
осенний	_	A	A1	LM	3	осенней	Gen.Fem.Sing	_	_	_	_
основной	_	A	A1	LM	1	основном	Loc.Neut.Sing	_	_	_	_
основной	_	A	A1	LM	2	основных	Gen.Plur	_	_	_	_
основной	_	A	A1	LM	3	основная	Nom.Fem.Sing	_	_	_	_
остров	_	N.Masc.Inan	A1	MiP, LM	1	острове	Loc.Sing	_	_	_	_
остров	_	N.Masc.Inan	A1	MiP, LM	2	остров	Acc.Sing	_	_	_	_
остров	_	N.Masc.Inan	A1	MiP, LM	3	острова	Gen.Sing	_	_	_	_
ответить	_	V	A1	MiP	1	ответил	Masc.Sing.Past	_	_	_	_
ответить	_	V	A1	MiP	2	ответить	Inf	_	_	_	_
ответить	_	V	A1	MiP	3	ответила	Fem.Sing.Past	_	_	_	_
отвечать	_	V	A1	Golosa, MiP, LM	1	отвечает	Sing.3.Pres/Fut	_	_	_	_
отвечать	_	V	A1	Golosa, MiP, LM	2	отвечать	Inf	_	_	_	_
отвечать	_	V	A1	Golosa, MiP, LM	3	отвечал	Masc.Sing.Past	_	_	_	_
открывать	_	V	A1	MiP, LM	1	открывает	Sing.3.Pres/Fut	_	_	_	_
открывать	_	V	A1	MiP, LM	2	открывать	Inf	_	_	_	_
открывать	_	V	A1	MiP, LM	3	открывая	Pres/Fut	_	_	_	_
открываться	_	V	A1	LM	1	открывается	Sing.3.Pres/Fut	_	_	_	_
открываться	_	V	A1	LM	2	открывались	Plur.Past	_	_	_	_
открываться	_	V	A1	LM	3	открываются	Plur.3.Pres/Fut	_	_	_	_
открытие	_	N.Neut.Inan	A1	LM	1	открытия	Gen.Sing	_	_	_	_
открытие	_	N.Neut.Inan	A1	LM	2	открытие	Nom.Sing	_	_	_	_
открытие	_	N.Neut.Inan	A1	LM	3	открытий	Gen.Plur	_	_	_	_
отношение	_	N.Neut.Inan	A1	LM	1	отношение	Nom.Sing	_	_	_	_
отношение	_	N.Neut.Inan	A1	LM	2	отношении	Loc.Sing	_	_	_	_
отношение	_	N.Neut.Inan	A1	LM	3	отношений	Gen.Plur	_	_	_	_
отправить	_	V	A1	MiP	1	отправить	Inf	_	_	_	_
отправить	_	V	A1	MiP	2	отправили	Plur.Past	_	_	_	_
отправить	_	V	A1	MiP	3	отправил	Masc.Sing.Past	_	_	_	_
отправлять	_	V	A1	Golosa, MiP, LM	1	отправлять	Inf	_	_	_	_
отправлять	_	V	A1	Golosa, MiP, LM	2	отправляют	Plur.3.Pres/Fut	_	_	_	_
отправлять	_	V	A1	Golosa, MiP, LM	3	отправляет	Sing.3.Pres/Fut	_	_	_	_
отчество	_	N.Neut.Inan	A1	Golosa, LM	1	отчество	Nom.Sing	_	_	_	_
отчество	_	N.Neut.Inan	A1	Golosa, LM	2	отчеству	Dat.Sing	_	_	_	_
отчество	_	N.Neut.Inan	A1	Golosa, LM	3	отчеством	Ins.Sing	_	_	_	_
оценивать	_	V	A1	LM	1	оценивать	Inf	_	_	_	_
оценивать	_	V	A1	LM	2	оценивают	Plur.3.Pres/Fut	_	_	_	_
оценивать	_	V	A1	LM	3	оцениваете	Plur.2.Pres/Fut	_	_	_	_
падать	_	V	A1	Golosa, LM	1	падает	Sing.3.Pres/Fut	_	_	_	_
падать	_	V	A1	Golosa, LM	2	падал	Masc.Sing.Past	_	_	_	_
падать	_	V	A1	Golosa, LM	3	падали	Plur.Past	_	_	_	_
палец	_	N.Masc.Inan	A1	Golosa, LM	1	пальцем	Ins.Sing	_	_	_	_
палец	_	N.Masc.Inan	A1	Golosa, LM	2	пальцами	Ins.Plur	_	_	_	_
палец	_	N.Masc.Inan	A1	Golosa, LM	3	пальцев	Gen.Plur	_	_	_	_
парламент	_	N.Masc.Inan	A1	LM	1	парламенте	Loc.Sing	_	_	_	_
парламент	_	N.Masc.Inan	A1	LM	2	парламент	Nom.Sing	_	_	_	_
парламент	_	N.Masc.Inan	A1	LM	3	парламента	Gen.Sing	_	_	_	_
партия	_	N.Fem.Inan	A1	LM	1	партии	Gen.Sing	_	_	_	_
партия	_	N.Fem.Inan	A1	LM	2	партия	Nom.Sing	_	_	_	_
партия	_	N.Fem.Inan	A1	LM	3	партию	Acc.Sing	_	_	_	_
певец	_	N.Masc.Anim	A1	LM	1	певец	Nom.Sing	_	_	_	_
певец	_	N.Masc.Anim	A1	LM	2	певцы	Nom.Plur	_	_	_	_
певец	_	N.Masc.Anim	A1	LM	3	певца	Gen.Sing	_	_	_	_
певица	_	N.Fem.Anim	A1	LM	1	певица	Nom.Sing	_	_	_	_
певица	_	N.Fem.Anim	A1	LM	2	певицы	Gen.Sing	_	_	_	_
певица	_	N.Fem.Anim	A1	LM	3	певицей	Ins.Sing	_	_	_	_
пенсия	_	N.Fem.Inan	A1	Golosa, MiP, LM	1	пенсию	Acc.Sing	_	_	_	_
пенсия	_	N.Fem.Inan	A1	Golosa, MiP, LM	2	пенсии	Gen.Sing	_	_	_	_
пенсия	_	N.Fem.Inan	A1	Golosa, MiP, LM	3	пенсия	Nom.Sing	_	_	_	_
первый	_	A	A1	Golosa, MiP, LM	1	первую	Acc.Fem.Sing	_	_	_	_
первый	_	A	A1	Golosa, MiP, LM	2	первый	Nom.Masc.Sing	_	_	_	_
первый	_	A	A1	Golosa, MiP, LM	3	первого	Gen.Masc.Sing	_	_	_	_
перевод	_	N.Masc.Inan	A1	LM	1	переводов	Gen.Plur	_	_	_	_
перевод	_	N.Masc.Inan	A1	LM	2	перевода	Gen.Sing	_	_	_	_
перевод	_	N.Masc.Inan	A1	LM	3	переводы	Nom.Plur	_	_	_	_
переводить	_	V	A1	LM	1	переводить	Inf	_	_	_	_
переводить	_	V	A1	LM	2	переводя	Pres/Fut	_	_	_	_
переводить	_	V	A1	LM	3	переводит	Sing.3.Pres/Fut	_	_	_	_
передавать	_	V	A1	Golosa, LM	1	передаёт	Sing.3.Pres/Fut	_	_	_	_
передавать	_	V	A1	Golosa, LM	2	передавать	Inf	_	_	_	_
передавать	_	V	A1	Golosa, LM	3	передают	Plur.3.Pres/Fut	_	_	_	_
переезжать	_	V	A1	Golosa, MiP, LM	1	переезжая	Pres/Fut	_	_	_	_
переезжать	_	V	A1	Golosa, MiP, LM	2	переезжать	Inf	_	_	_	_
переезжать	_	V	A1	Golosa, MiP, LM	3	переезжали	Plur.Past	_	_	_	_
переехать	_	V	A1	MiP	1	переехал	Masc.Sing.Past	_	_	_	_
переехать	_	V	A1	MiP	2	переехали	Plur.Past	_	_	_	_
переехать	_	V	A1	MiP	3	переехать	Inf	_	_	_	_
пересадка	_	N.Fem.Inan	A1	Golosa, LM	1	пересадку	Acc.Sing	_	_	_	_
переходить	_	V	A1	LM	1	переходит	Sing.3.Pres/Fut	_	_	_	_
переходить	_	V	A1	LM	2	переходят	Plur.3.Pres/Fut	_	_	_	_
переходить	_	V	A1	LM	3	переходить	Inf	_	_	_	_
песня	_	N.Fem.Inan	A1	Golosa, LM	1	песни	Nom.Plur	_	_	_	_
песня	_	N.Fem.Inan	A1	Golosa, LM	2	песня	Nom.Sing	_	_	_	_
песня	_	N.Fem.Inan	A1	Golosa, LM	3	песню	Acc.Sing	_	_	_	_
пирог	_	N.Masc.Inan	A1	LM, Кс	1	пирог	Acc.Sing	_	_	_	_
пирог	_	N.Masc.Inan	A1	LM, Кс	2	пироги	Acc.Plur	_	_	_	_
пирог	_	N.Masc.Inan	A1	LM, Кс	3	пирога	Gen.Sing	_	_	_	_
пирожок	_	N.Masc.Inan	A1	LM, Кс	1	пирожки	Acc.Plur	_	_	_	_
пирожок	_	N.Masc.Inan	A1	LM, Кс	2	пирожок	Acc.Sing	_	_	_	_
плавать	_	V	A1	Golosa, LM	1	плавать	Inf	_	_	_	_
плавать	_	V	A1	Golosa, LM	2	плавала	Fem.Sing.Past	_	_	_	_
плавать	_	V	A1	Golosa, LM	3	плавали	Plur.Past	_	_	_	_
плакать	_	V	A1	LM	1	плакала	Fem.Sing.Past	_	_	_	_
плакать	_	V	A1	LM	2	плачет	Sing.3.Pres/Fut	_	_	_	_
плакать	_	V	A1	LM	3	плакал	Masc.Sing.Past	_	_	_	_
платить	_	V	A1	Golosa, MiP, LM	1	платить	Inf	_	_	_	_
платить	_	V	A1	Golosa, MiP, LM	2	платят	Plur.3.Pres/Fut	_	_	_	_
платить	_	V	A1	Golosa, MiP, LM	3	платит	Sing.3.Pres/Fut	_	_	_	_
плащ	_	N.Masc.Inan	A1	Golosa, LM, Поехали	1	плащ	Acc.Sing	_	_	_	_
плащ	_	N.Masc.Inan	A1	Golosa, LM, Поехали	2	плаще	Loc.Sing	_	_	_	_
плащ	_	N.Masc.Inan	A1	Golosa, LM, Поехали	3	плащом	Ins.Sing	_	_	_	_
плыть	_	V	A1	LM	1	плывёт	Sing.3.Pres/Fut	_	_	_	_
плыть	_	V	A1	LM	2	плывут	Plur.3.Pres/Fut	_	_	_	_
плыть	_	V	A1	LM	3	плыть	Inf	_	_	_	_
победа	_	N.Fem.Inan	A1	LM	1	победа	Nom.Sing	_	_	_	_
победа	_	N.Fem.Inan	A1	LM	2	победы	Gen.Sing	_	_	_	_
победа	_	N.Fem.Inan	A1	LM	3	победу	Acc.Sing	_	_	_	_
побеждать	_	V	A1	LM	1	побеждает	Sing.3.Pres/Fut	_	_	_	_
побеждать	_	V	A1	LM	2	побеждать	Inf	_	_	_	_
побеждать	_	V	A1	LM	3	побеждали	Plur.Past	_	_	_	_
побеседовать	_	V	A1	LM	1	побеседовать	Inf	_	_	_	_
поблагодарить	_	V	A1	LM	1	поблагодарить	Inf	_	_	_	_
поблагодарить	_	V	A1	LM	2	поблагодарил	Masc.Sing.Past	_	_	_	_
поблагодарить	_	V	A1	LM	3	поблагодарила	Fem.Sing.Past	_	_	_	_
побывать	_	V	A1	LM	1	побывал	Masc.Sing.Past	_	_	_	_
побывать	_	V	A1	LM	2	побывать	Inf	_	_	_	_
побывать	_	V	A1	LM	3	побывали	Plur.Past	_	_	_	_
повезти	_	V	A1	LM	1	повезло	Neut.Sing.Past	_	_	_	_
повезти	_	V	A1	LM	2	повезёт	Sing.3.Pres/Fut	_	_	_	_
повезти	_	V	A1	LM	3	повезли	Plur.Past	_	_	_	_
поверить	_	V	A1	LM	1	поверить	Inf	_	_	_	_
поверить	_	V	A1	LM	2	поверьте	Imper.Plur.2	_	_	_	_
поверить	_	V	A1	LM	3	поверил	Masc.Sing.Past	_	_	_	_
поднимать	_	V	A1	Golosa	1	поднимает	Sing.3.Pres/Fut	_	_	_	_
поднимать	_	V	A1	Golosa	2	поднимая	Pres/Fut	_	_	_	_
поднимать	_	V	A1	Golosa	3	поднимать	Inf	_	_	_	_
поза	_	N.Fem.Inan	A1	LM	1	позе	Loc.Sing	_	_	_	_
поза	_	N.Fem.Inan	A1	LM	2	позы	Acc.Plur	_	_	_	_
поза	_	N.Fem.Inan	A1	LM	3	позу	Acc.Sing	_	_	_	_
позвать	_	V	A1	LM	1	позвал	Masc.Sing.Past	_	_	_	_
позвать	_	V	A1	LM	2	позвать	Inf	_	_	_	_
позвать	_	V	A1	LM	3	позвала	Fem.Sing.Past	_	_	_	_
поздравить	_	V	A1	MiP	1	поздравить	Inf	_	_	_	_
поздравить	_	V	A1	MiP	2	поздравим	Plur.1.Pres/Fut	_	_	_	_
поздравить	_	V	A1	MiP	3	поздравил	Masc.Sing.Past	_	_	_	_
поздравлять	_	V	A1	MiP, LM	1	поздравляем	Plur.1.Pres/Fut	_	_	_	_
поздравлять	_	V	A1	MiP, LM	2	поздравляет	Sing.3.Pres/Fut	_	_	_	_
поздравлять	_	V	A1	MiP, LM	3	поздравляю	Sing.1.Pres/Fut	_	_	_	_
познакомиться	_	V	A1	MiP, LM	1	познакомиться	Inf	_	_	_	_
познакомиться	_	V	A1	MiP, LM	2	познакомился	Masc.Sing.Past	_	_	_	_
познакомиться	_	V	A1	MiP, LM	3	познакомились	Plur.Past	_	_	_	_
показать	_	V	A1	MiP	1	показать	Inf	_	_	_	_
показать	_	V	A1	MiP	2	показал	Masc.Sing.Past	_	_	_	_
показать	_	V	A1	MiP	3	показали	Plur.Past	_	_	_	_
показаться	_	V	A1	MiP	1	показалось	Neut.Sing.Past	_	_	_	_
показаться	_	V	A1	MiP	2	показаться	Inf	_	_	_	_
показаться	_	V	A1	MiP	3	показался	Masc.Sing.Past	_	_	_	_
показывать	_	V	A1	Golosa, MiP, LM	1	показывает	Sing.3.Pres/Fut	_	_	_	_
показывать	_	V	A1	Golosa, MiP, LM	2	показывают	Plur.3.Pres/Fut	_	_	_	_
показывать	_	V	A1	Golosa, MiP, LM	3	показывать	Inf	_	_	_	_
пол	_	N.Masc.Inan	A1	Golosa, LM	1	пол	Acc.Sing	_	_	_	_
пол	_	N.Masc.Inan	A1	Golosa, LM	2	полу	Loc.Sing	_	_	_	_
пол	_	N.Masc.Inan	A1	Golosa, LM	3	пола	Gen.Sing	_	_	_	_
полагать	_	V	A1	LM	1	полагают	Plur.3.Pres/Fut	_	_	_	_
полагать	_	V	A1	LM	2	полагать	Inf	_	_	_	_
полагать	_	V	A1	LM	3	полагаю	Sing.1.Pres/Fut	_	_	_	_
поле	_	N.Neut.Inan	A1	LM	1	поля	Gen.Sing	_	_	_	_
поле	_	N.Neut.Inan	A1	LM	2	поле	Nom.Sing	_	_	_	_
поле	_	N.Neut.Inan	A1	LM	3	полях	Loc.Plur	_	_	_	_
полезный	_	A	A1	Golosa, LM	1	полезных	Gen.Plur	_	_	_	_
полезный	_	A	A1	Golosa, LM	2	полезно	Neut.Sing	_	_	_	_
полезный	_	A	A1	Golosa, LM	3	полезны	Plur	_	_	_	_
полететь	_	V	A1	LM	1	полетели	Plur.Past	_	_	_	_
полететь	_	V	A1	LM	2	полетел	Masc.Sing.Past	_	_	_	_
полететь	_	V	A1	LM	3	полетят	Plur.3.Pres/Fut	_	_	_	_
поликлиника	_	N.Fem.Inan	A1	Golosa, LM	1	поликлинику	Acc.Sing	_	_	_	_
поликлиника	_	N.Fem.Inan	A1	Golosa, LM	2	поликлинике	Loc.Sing	_	_	_	_
политика	_	N.Fem.Inan	A1	LM	1	политики	Gen.Sing	_	_	_	_
политика	_	N.Fem.Inan	A1	LM	2	политика	Nom.Sing	_	_	_	_
политика	_	N.Fem.Inan	A1	LM	3	политику	Acc.Sing	_	_	_	_
политический	_	A	A1	LM	1	политических	Gen.Plur	_	_	_	_
политический	_	A	A1	LM	2	политической	Gen.Fem.Sing	_	_	_	_
политический	_	A	A1	LM	3	политическая	Nom.Fem.Sing	_	_	_	_
полк	_	N.Masc.Inan	A1	LM	1	полком	Ins.Sing	_	_	_	_
полк	_	N.Masc.Inan	A1	LM	2	полков	Gen.Plur	_	_	_	_
полк	_	N.Masc.Inan	A1	LM	3	полка	Gen.Sing	_	_	_	_
получать	_	V	A1	Golosa, MiP, LM	1	получать	Inf	_	_	_	_
получать	_	V	A1	Golosa, MiP, LM	2	получает	Sing.3.Pres/Fut	_	_	_	_
получать	_	V	A1	Golosa, MiP, LM	3	получают	Plur.3.Pres/Fut	_	_	_	_
получить	_	V	A1	MiP	1	получить	Inf	_	_	_	_
получить	_	V	A1	MiP	2	получил	Masc.Sing.Past	_	_	_	_
получить	_	V	A1	MiP	3	получили	Plur.Past	_	_	_	_
поменять	_	V	A1	LM	1	поменять	Inf	_	_	_	_
поменять	_	V	A1	LM	2	поменяли	Plur.Past	_	_	_	_
поменять	_	V	A1	LM	3	поменял	Masc.Sing.Past	_	_	_	_
помешать	_	V	A1	LM	1	помешать	Inf	_	_	_	_
помешать	_	V	A1	LM	2	помешают	Plur.3.Pres/Fut	_	_	_	_
помешать	_	V	A1	LM	3	помешало	Neut.Sing.Past	_	_	_	_
помогать	_	V	A1	Golosa, LM	1	помогать	Inf	_	_	_	_
помогать	_	V	A1	Golosa, LM	2	помогает	Sing.3.Pres/Fut	_	_	_	_
помогать	_	V	A1	Golosa, LM	3	помогают	Plur.3.Pres/Fut	_	_	_	_
помочь	_	V	A1	MiP	1	помочь	Inf	_	_	_	_
помочь	_	V	A1	MiP	2	поможет	Sing.3.Pres/Fut	_	_	_	_
помочь	_	V	A1	MiP	3	помог	Masc.Sing.Past	_	_	_	_
помощь	_	N.Fem.Inan	A1	Golosa, LM	1	помощью	Ins.Sing	_	_	_	_
помощь	_	N.Fem.Inan	A1	Golosa, LM	2	помощи	Gen.Sing	_	_	_	_
помощь	_	N.Fem.Inan	A1	Golosa, LM	3	помощь	Acc.Sing	_	_	_	_
помыть	_	V	A1	LM	1	помыть	Inf	_	_	_	_
помыть	_	V	A1	LM	2	помою	Sing.1.Pres/Fut	_	_	_	_
помыть	_	V	A1	LM	3	помыли	Plur.Past	_	_	_	_
понимать	_	V	A1	Golosa, MiP, LM	1	понимаю	Sing.1.Pres/Fut	_	_	_	_
понимать	_	V	A1	Golosa, MiP, LM	2	понимаешь	Sing.2.Pres/Fut	_	_	_	_
понимать	_	V	A1	Golosa, MiP, LM	3	понимать	Inf	_	_	_	_
понять	_	V	A1	MiP	1	понять	Inf	_	_	_	_
понять	_	V	A1	MiP	2	понял	Masc.Sing.Past	_	_	_	_
понять	_	V	A1	MiP	3	поняла	Fem.Sing.Past	_	_	_	_
пообещать	_	V	A1	LM	1	пообещал	Masc.Sing.Past	_	_	_	_
пообещать	_	V	A1	LM	2	пообещать	Inf	_	_	_	_
пообещать	_	V	A1	LM	3	пообещали	Plur.Past	_	_	_	_
популярный	_	A	A1	LM	1	популярных	Gen.Plur	_	_	_	_
популярный	_	A	A1	LM	2	популярная	Nom.Fem.Sing	_	_	_	_
популярный	_	A	A1	LM	3	популярным	Ins.Masc.Sing	_	_	_	_
последний	_	A	A1	Golosa, LM	1	последние	Inan.Acc.Plur	_	_	_	_
последний	_	A	A1	Golosa, LM	2	последних	Gen.Plur	_	_	_	_
последний	_	A	A1	Golosa, LM	3	последнее	Inan.Acc.Neut.Sing	_	_	_	_
послужить	_	V	A1	LM	1	послужит	Sing.3.Pres/Fut	_	_	_	_
послужить	_	V	A1	LM	2	послужило	Neut.Sing.Past	_	_	_	_
послужить	_	V	A1	LM	3	послужили	Plur.Past	_	_	_	_
послушать	_	V	A1	Golosa, MiP, LM	1	послушать	Inf	_	_	_	_
послушать	_	V	A1	Golosa, MiP, LM	2	послушал	Masc.Sing.Past	_	_	_	_
послушать	_	V	A1	Golosa, MiP, LM	3	послушай	Imper.Sing.2	_	_	_	_
посоветовать	_	V	A1	Golosa, LM	1	посоветовать	Inf	_	_	_	_
посоветовать	_	V	A1	Golosa, LM	2	посоветовали	Plur.Past	_	_	_	_
посоветовать	_	V	A1	Golosa, LM	3	посоветовал	Masc.Sing.Past	_	_	_	_
посол	_	N.Masc.Anim	A1	LM	1	посол	Nom.Sing	_	_	_	_
посол	_	N.Masc.Anim	A1	LM	2	посла	Gen.Sing	_	_	_	_
посол	_	N.Masc.Inan	A1	LM	3	посоле	Loc.Sing	_	_	_	_
посольство	_	N.Neut.Inan	A1	LM	1	посольство	Nom.Sing	_	_	_	_
посольство	_	N.Neut.Inan	A1	LM	2	посольства	Gen.Sing	_	_	_	_
посольство	_	N.Neut.Inan	A1	LM	3	посольстве	Loc.Sing	_	_	_	_
поставить	_	V	A1	Golosa	1	поставить	Inf	_	_	_	_
поставить	_	V	A1	Golosa	2	поставил	Masc.Sing.Past	_	_	_	_
поставить	_	V	A1	Golosa	3	поставили	Plur.Past	_	_	_	_
потерять	_	V	A1	LM	1	потерял	Masc.Sing.Past	_	_	_	_
потерять	_	V	A1	LM	2	потеряли	Plur.Past	_	_	_	_
потерять	_	V	A1	LM	3	потерять	Inf	_	_	_	_
потратить	_	V	A1	MiP, LM	1	потратил	Masc.Sing.Past	_	_	_	_
потратить	_	V	A1	MiP, LM	2	потратить	Inf	_	_	_	_
потратить	_	V	A1	MiP, LM	3	потратили	Plur.Past	_	_	_	_
поцеловать	_	V	A1	MiP, LM	1	поцеловал	Masc.Sing.Past	_	_	_	_
поцеловать	_	V	A1	MiP, LM	2	поцелую	Sing.1.Pres/Fut	_	_	_	_
поцеловать	_	V	A1	MiP, LM	3	поцеловала	Fem.Sing.Past	_	_	_	_
пошутить	_	V	A1	LM	1	пошутить	Inf	_	_	_	_
пошутить	_	V	A1	LM	2	пошутил	Masc.Sing.Past	_	_	_	_
пошутить	_	V	A1	LM	3	пошучу	Sing.1.Pres/Fut	_	_	_	_
поэзия	_	N.Fem.Inan	A1	Golosa, LM	1	поэзии	Gen.Sing	_	_	_	_
поэзия	_	N.Fem.Inan	A1	Golosa, LM	2	поэзия	Nom.Sing	_	_	_	_
поэзия	_	N.Fem.Inan	A1	Golosa, LM	3	поэзию	Acc.Sing	_	_	_	_
появляться	_	V	A1	LM	1	появляется	Sing.3.Pres/Fut	_	_	_	_
появляться	_	V	A1	LM	2	появляются	Plur.3.Pres/Fut	_	_	_	_
появляться	_	V	A1	LM	3	появлялись	Plur.Past	_	_	_	_
правда	_	N.Fem.Inan	A1	Golosa, MiP, LM	1	правда	Nom.Sing	_	_	_	_
правда	_	N.Fem.Inan	A1	Golosa, MiP, LM	2	правду	Acc.Sing	_	_	_	_
правда	_	N.Fem.Inan	A1	Golosa, MiP, LM	3	правды	Gen.Sing	_	_	_	_
правительство	_	N.Neut.Inan	A1	Golosa, LM	1	правительства	Gen.Sing	_	_	_	_
правительство	_	N.Neut.Inan	A1	Golosa, LM	2	правительство	Nom.Sing	_	_	_	_
правительство	_	N.Neut.Inan	A1	Golosa, LM	3	правительству	Dat.Sing	_	_	_	_
право	_	N.Neut.Inan	A1	LM	1	право	Acc.Sing	_	_	_	_
право	_	N.Neut.Inan	A1	LM	2	права	Gen.Sing	_	_	_	_
право	_	N.Neut.Inan	A1	LM	3	прав	Gen.Plur	_	_	_	_
праздник	_	N.Masc.Inan	A1	Golosa, LM	1	праздник	Nom.Sing	_	_	_	_
праздник	_	N.Masc.Inan	A1	Golosa, LM	2	праздника	Gen.Sing	_	_	_	_
праздник	_	N.Masc.Inan	A1	Golosa, LM	3	праздники	Nom.Plur	_	_	_	_
предлагать	_	V	A1	Golosa, MiP, LM	1	предлагает	Sing.3.Pres/Fut	_	_	_	_
предлагать	_	V	A1	Golosa, MiP, LM	2	предлагают	Plur.3.Pres/Fut	_	_	_	_
предлагать	_	V	A1	Golosa, MiP, LM	3	предлагали	Plur.Past	_	_	_	_
предложить	_	V	A1	MiP	1	предложил	Masc.Sing.Past	_	_	_	_
предложить	_	V	A1	MiP	2	предложить	Inf	_	_	_	_
предложить	_	V	A1	MiP	3	предложили	Plur.Past	_	_	_	_
президент	_	N.Masc.Anim	A1	LM	1	президент	Nom.Sing	_	_	_	_
президент	_	N.Masc.Anim	A1	LM	2	президента	Gen.Sing	_	_	_	_
президент	_	N.Masc.Anim	A1	LM	3	президентом	Ins.Sing	_	_	_	_
прекрасный	_	A	A1	Golosa, MiP, LM	1	прекрасный	Nom.Masc.Sing	_	_	_	_
прекрасный	_	A	A1	Golosa, MiP, LM	2	прекрасные	Nom.Plur	_	_	_	_
прекрасный	_	A	A1	Golosa, MiP, LM	3	прекрасно	Neut.Sing	_	_	_	_
преподавать	_	V	A1	LM	1	преподавать	Inf	_	_	_	_
преподавать	_	V	A1	LM	2	преподаёт	Sing.3.Pres/Fut	_	_	_	_
преподавать	_	V	A1	LM	3	преподают	Plur.3.Pres/Fut	_	_	_	_
пригласить	_	V	A1	MiP	1	пригласил	Masc.Sing.Past	_	_	_	_
пригласить	_	V	A1	MiP	2	пригласили	Plur.Past	_	_	_	_
пригласить	_	V	A1	MiP	3	пригласить	Inf	_	_	_	_
приглашать	_	V	A1	Golosa, MiP, LM	1	приглашали	Plur.Past	_	_	_	_
приглашать	_	V	A1	Golosa, MiP, LM	2	приглашаю	Sing.1.Pres/Fut	_	_	_	_
приглашать	_	V	A1	Golosa, MiP, LM	3	приглашал	Masc.Sing.Past	_	_	_	_
приезд	_	N.Masc.Inan	A1	Golosa, LM	1	приезду	Dat.Sing	_	_	_	_
приезд	_	N.Masc.Inan	A1	Golosa, LM	2	приезде	Loc.Sing	_	_	_	_
приезд	_	N.Masc.Inan	A1	Golosa, LM	3	приезда	Gen.Sing	_	_	_	_
прийти	_	V	A1	MiP	1	пришёл	Masc.Sing.Past	_	_	_	_
прийти	_	V	A1	MiP	2	пришла	Fem.Sing.Past	_	_	_	_
прийти	_	V	A1	MiP	3	пришли	Plur.Past	_	_	_	_
пример	_	N.Masc.Inan	A1	LM	1	примеру	Dat.Sing	_	_	_	_
пример	_	N.Masc.Inan	A1	LM	2	пример	Nom.Sing	_	_	_	_
пример	_	N.Masc.Inan	A1	LM	3	примере	Loc.Sing	_	_	_	_
природа	_	N.Fem.Inan	A1	Golosa, LM	1	природы	Gen.Sing	_	_	_	_
природа	_	N.Fem.Inan	A1	Golosa, LM	2	природе	Loc.Sing	_	_	_	_
природа	_	N.Fem.Inan	A1	Golosa, LM	3	природа	Nom.Sing	_	_	_	_
приходить	_	V	A1	Golosa, MiP, LM	1	приходит	Sing.3.Pres/Fut	_	_	_	_
приходить	_	V	A1	Golosa, MiP, LM	2	приходят	Plur.3.Pres/Fut	_	_	_	_
приходить	_	V	A1	Golosa, MiP, LM	3	приходил	Masc.Sing.Past	_	_	_	_
причина	_	N.Fem.Inan	A1	Golosa, LM	1	причин	Gen.Plur	_	_	_	_
причина	_	N.Fem.Inan	A1	Golosa, LM	2	причинам	Dat.Plur	_	_	_	_
причина	_	N.Fem.Inan	A1	Golosa, LM	3	причине	Dat.Sing	_	_	_	_
приятный	_	A	A1	MiP, LM	1	приятно	Neut.Sing	_	_	_	_
приятный	_	A	A1	MiP, LM	2	приятное	Inan.Acc.Neut.Sing	_	_	_	_
приятный	_	A	A1	MiP, LM	3	приятная	Nom.Fem.Sing	_	_	_	_
продавать	_	V	A1	Golosa, MiP, LM	1	продавать	Inf	_	_	_	_
продавать	_	V	A1	Golosa, MiP, LM	2	продают	Plur.3.Pres/Fut	_	_	_	_
продавать	_	V	A1	Golosa, MiP, LM	3	продавали	Plur.Past	_	_	_	_
продавец	_	N.Masc.Anim	A1	MiP, LM	1	продавец	Nom.Sing	_	_	_	_
продавец	_	N.Masc.Anim	A1	MiP, LM	2	продавцы	Nom.Plur	_	_	_	_
продавец	_	N.Masc.Anim	A1	MiP, LM	3	продавца	Acc.Sing	_	_	_	_
продать	_	V	A1	MiP	1	продать	Inf	_	_	_	_
продать	_	V	A1	MiP	2	продали	Plur.Past	_	_	_	_
продать	_	V	A1	MiP	3	продал	Masc.Sing.Past	_	_	_	_
продолжаться	_	V	A1	LM	1	продолжаться	Inf	_	_	_	_
продолжаться	_	V	A1	LM	2	продолжается	Sing.3.Pres/Fut	_	_	_	_
продолжаться	_	V	A1	LM	3	продолжаются	Plur.3.Pres/Fut	_	_	_	_
простой	_	A	A1	Golosa, LM	1	просто	Neut.Sing	_	_	_	_
простой	_	A	A1	Golosa, LM	2	проще	Neut.Sing	_	_	_	_
простой	_	A	A1	Golosa, LM	3	простых	Gen.Plur	_	_	_	_
просьба	_	N.Fem.Inan	A1	LM	1	просьбой	Ins.Sing	_	_	_	_
просьба	_	N.Fem.Inan	A1	LM	2	просьба	Nom.Sing	_	_	_	_
просьба	_	N.Fem.Inan	A1	LM	3	просьбе	Dat.Sing	_	_	_	_
просьба	_	N.Fem.Inan	A1	Golosa	1	просьбой	Ins.Sing	_	_	_	_
просьба	_	N.Fem.Inan	A1	Golosa	2	просьба	Nom.Sing	_	_	_	_
просьба	_	N.Fem.Inan	A1	Golosa	3	просьбе	Dat.Sing	_	_	_	_
профессор	_	N.Masc.Anim	A1	LM	1	профессор	Nom.Sing	_	_	_	_
профессор	_	N.Masc.Anim	A1	LM	2	профессором	Ins.Sing	_	_	_	_
профессор	_	N.Masc.Anim	A1	LM	3	профессора	Gen.Sing	_	_	_	_
проходить	_	V	A1	Golosa, MiP, LM	1	проходит	Sing.3.Pres/Fut	_	_	_	_
проходить	_	V	A1	Golosa, MiP, LM	2	проходят	Plur.3.Pres/Fut	_	_	_	_
проходить	_	V	A1	Golosa, MiP, LM	3	проходили	Plur.Past	_	_	_	_
процент	_	N.Masc.Inan	A1	LM	1	процентов	Gen.Plur	_	_	_	_
процент	_	N.Masc.Inan	A1	LM	2	процента	Gen.Sing	_	_	_	_
процент	_	N.Masc.Inan	A1	LM	3	процент	Nom.Sing	_	_	_	_
прошлый	_	A	A1	LM	1	прошлом	Loc.Masc.Sing	_	_	_	_
прошлый	_	A	A1	LM	2	прошлого	Gen.Masc.Sing	_	_	_	_
прошлый	_	A	A1	LM	3	прошлой	Loc.Fem.Sing	_	_	_	_
прощать	_	V	A1	LM	1	прощать	Inf	_	_	_	_
прощать	_	V	A1	LM	2	прощай	Imper.Sing.2	_	_	_	_
прощать	_	V	A1	LM	3	прощаю	Sing.1.Pres/Fut	_	_	_	_
психолог	_	N.Masc.Anim	A1	LM	1	психологов	Gen.Plur	_	_	_	_
психолог	_	N.Masc.Anim	A1	LM	2	психологи	Nom.Plur	_	_	_	_
психолог	_	N.Masc.Anim	A1	LM	3	психолога	Gen.Sing	_	_	_	_
птица	_	N.Fem.Anim	A1	Golosa, LM, Поехали	1	птицы	Nom.Plur	_	_	_	_
птица	_	N.Fem.Anim	A1	Golosa, LM, Поехали	2	птица	Nom.Sing	_	_	_	_
птица	_	N.Fem.Anim	A1	Golosa, LM, Поехали	3	птиц	Gen.Plur	_	_	_	_
путешествовать	_	V	A1	LM	1	путешествовать	Inf	_	_	_	_
путешествовать	_	V	A1	LM	2	путешествовал	Masc.Sing.Past	_	_	_	_
путешествовать	_	V	A1	LM	3	путешествовали	Plur.Past	_	_	_	_
рабочий	_	A	A1	LM	1	рабочей	Gen.Fem.Sing	_	_	_	_
рабочий	_	N.Masc.Anim	A1	LM	2	рабочих	Gen.Plur	_	_	_	_
рабочий	_	A	A1	LM	3	рабочий	Nom.Masc.Sing	_	_	_	_
радость	_	N.Fem.Inan	A1	Golosa, LM	1	радость	Nom.Sing	_	_	_	_
радость	_	N.Fem.Inan	A1	Golosa, LM	2	радости	Gen.Sing	_	_	_	_
радость	_	N.Fem.Inan	A1	Golosa, LM	3	радостью	Ins.Sing	_	_	_	_
разговор	_	N.Masc.Inan	A1	Golosa, LM	1	разговор	Nom.Sing	_	_	_	_
разговор	_	N.Masc.Inan	A1	Golosa, LM	2	разговора	Gen.Sing	_	_	_	_
разговор	_	N.Masc.Inan	A1	Golosa, LM	3	разговоров	Gen.Plur	_	_	_	_
рассказать	_	V	A1	MiP	1	рассказал	Masc.Sing.Past	_	_	_	_
рассказать	_	V	A1	MiP	2	рассказать	Inf	_	_	_	_
рассказать	_	V	A1	MiP	3	расскажу	Sing.1.Pres/Fut	_	_	_	_
рассказывать	_	V	A1	Golosa, MiP, LM	1	рассказывает	Sing.3.Pres/Fut	_	_	_	_
рассказывать	_	V	A1	Golosa, MiP, LM	2	рассказывать	Inf	_	_	_	_
рассказывать	_	V	A1	Golosa, MiP, LM	3	рассказывал	Masc.Sing.Past	_	_	_	_
расти	_	V	A1	LM	1	растёт	Sing.3.Pres/Fut	_	_	_	_
расти	_	V	A1	LM	2	растут	Plur.3.Pres/Fut	_	_	_	_
расти	_	V	A1	LM	3	расти	Inf	_	_	_	_
ребята	_	N.Inan	A1	Golosa, LM	1	ребята	Nom.Plur	_	_	_	_
ребята	_	N.Inan	A1	Golosa, LM	2	ребят	Gen.Plur	_	_	_	_
ребята	_	N.Inan	A1	Golosa, LM	3	ребятами	Ins.Plur	_	_	_	_
режиссер	_	N.Masc.Anim	A1	LM	1	режиссёр	Nom.Sing	_	_	_	_
режиссер	_	N.Masc.Anim	A1	LM	2	режиссёра	Gen.Sing	_	_	_	_
режиссер	_	N.Masc.Anim	A1	LM	3	режиссер	Nom.Sing	_	_	_	_
результат	_	N.Masc.Inan	A1	LM	1	результате	Loc.Sing	_	_	_	_
результат	_	N.Masc.Inan	A1	LM	2	результаты	Nom.Plur	_	_	_	_
результат	_	N.Masc.Inan	A1	LM	3	результат	Nom.Sing	_	_	_	_
республика	_	N.Fem.Inan	A1	LM	1	республики	Gen.Sing	_	_	_	_
республика	_	N.Fem.Inan	A1	LM	2	республике	Loc.Sing	_	_	_	_
республика	_	N.Fem.Inan	A1	LM	3	республика	Nom.Sing	_	_	_	_
решать	_	V	A1	Golosa, MiP, LM	1	решать	Inf	_	_	_	_
решать	_	V	A1	Golosa, MiP, LM	2	решает	Sing.3.Pres/Fut	_	_	_	_
решать	_	V	A1	Golosa, MiP, LM	3	решают	Plur.3.Pres/Fut	_	_	_	_
решить	_	V	A1	MiP	1	решил	Masc.Sing.Past	_	_	_	_
решить	_	V	A1	MiP	2	решили	Plur.Past	_	_	_	_
решить	_	V	A1	MiP	3	решила	Fem.Sing.Past	_	_	_	_
рисовать	_	V	A1	LM	1	рисует	Sing.3.Pres/Fut	_	_	_	_
рисовать	_	V	A1	LM	2	рисовал	Masc.Sing.Past	_	_	_	_
рисовать	_	V	A1	LM	3	рисовать	Inf	_	_	_	_
родина	_	N.Fem.Inan	A1	Golosa, LM	1	родину	Acc.Sing	_	_	_	_
родина	_	N.Fem.Inan	A1	Golosa, LM	2	родины	Gen.Sing	_	_	_	_
родина	_	N.Fem.Inan	A1	Golosa, LM	3	родина	Nom.Sing	_	_	_	_
родитель	_	N.Masc.Anim	A1	LM	1	родители	Nom.Plur	_	_	_	_
родитель	_	N.Masc.Anim	A1	LM	2	родителей	Gen.Plur	_	_	_	_
родитель	_	N.Masc.Anim	A1	LM	3	родителями	Ins.Plur	_	_	_	_
родиться	_	V	A1	Golosa, LM	1	родился	Masc.Sing.Past	_	_	_	_
родиться	_	V	A1	Golosa, LM	2	родилась	Fem.Sing.Past	_	_	_	_
родиться	_	V	A1	Golosa, LM	3	родились	Plur.Past	_	_	_	_
роль	_	N.Fem.Inan	A1	LM	1	роль	Acc.Sing	_	_	_	_
роль	_	N.Fem.Inan	A1	LM	2	роли	Loc.Sing	_	_	_	_
роль	_	N.Fem.Inan	A1	LM	3	ролей	Gen.Plur	_	_	_	_
рынок	_	N.Masc.Inan	A1	Golosa, MiP, LM	1	рынке	Loc.Sing	_	_	_	_
рынок	_	N.Masc.Inan	A1	Golosa, MiP, LM	2	рынка	Gen.Sing	_	_	_	_
рынок	_	N.Masc.Inan	A1	Golosa, MiP, LM	3	рынок	Nom.Sing	_	_	_	_
ряд	_	N.Masc.Inan	A1	Golosa, MiP, LM	1	ряд	Acc.Sing	_	_	_	_
ряд	_	N.Masc.Inan	A1	Golosa, MiP, LM	2	ряда	Gen.Sing	_	_	_	_
ряд	_	N.Masc.Inan	A1	Golosa, MiP, LM	3	ряде	Loc.Sing	_	_	_	_
садиться	_	V	A1	Golosa, MiP, LM	1	садится	Sing.3.Pres/Fut	_	_	_	_
садиться	_	V	A1	Golosa, MiP, LM	2	садиться	Inf	_	_	_	_
садиться	_	V	A1	Golosa, MiP, LM	3	садился	Masc.Sing.Past	_	_	_	_
сантиметр	_	N.Masc.Inan	A1	LM	1	см	Gen.Plur	_	_	_	_
сантиметр	_	N.Masc.Inan	A1	LM	2	сантиметров	Gen.Plur	_	_	_	_
сантиметр	_	N.Masc.Inan	A1	LM	3	сантиметра	Gen.Sing	_	_	_	_
сапог	_	N.Masc.Inan	A1	LM	1	сапоги	Acc.Plur	_	_	_	_
сапог	_	N.Masc.Inan	A1	LM	2	сапогах	Loc.Plur	_	_	_	_
сапог	_	N.Masc.Inan	A1	LM	3	сапогам	Dat.Plur	_	_	_	_
светлый	_	A	A1	LM	1	светлых	Gen.Plur	_	_	_	_
светлый	_	A	A1	LM	2	светлые	Nom.Plur	_	_	_	_
светлый	_	A	A1	LM	3	светлую	Acc.Fem.Sing	_	_	_	_
сдавать	_	V	A1	LM	1	сдавать	Inf	_	_	_	_
сдавать	_	V	A1	LM	2	сдавали	Plur.Past	_	_	_	_
сдавать	_	V	A1	LM	3	сдавал	Masc.Sing.Past	_	_	_	_
север	_	N.Masc.Inan	A1	Golosa, MiP, LM	1	севере	Loc.Sing	_	_	_	_
север	_	N.Masc.Inan	A1	Golosa, MiP, LM	2	север	Acc.Sing	_	_	_	_
север	_	N.Masc.Inan	A1	Golosa, MiP, LM	3	северу	Dat.Sing	_	_	_	_
секретарь	_	N.Masc.Anim	A1	Golosa, MiP, LM	1	секретарь	Nom.Sing	_	_	_	_
секретарь	_	N.Masc.Anim	A1	Golosa, MiP, LM	2	секретаря	Gen.Sing	_	_	_	_
секретарь	_	N.Masc.Anim	A1	Golosa, MiP, LM	3	секретарём	Ins.Sing	_	_	_	_
сердце	_	N.Neut.Inan	A1	Golosa, LM	1	сердце	Acc.Sing	_	_	_	_
сердце	_	N.Neut.Inan	A1	Golosa, LM	2	сердца	Gen.Sing	_	_	_	_
сердце	_	N.Neut.Inan	A1	Golosa, LM	3	сердцем	Ins.Sing	_	_	_	_
сесть	_	V	A1	MiP	1	сел	Masc.Sing.Past	_	_	_	_
сесть	_	V	A1	MiP	2	села	Fem.Sing.Past	_	_	_	_
сесть	_	V	A1	MiP	3	сесть	Inf	_	_	_	_
сигарета	_	N.Fem.Inan	A1	LM	1	сигарету	Acc.Sing	_	_	_	_
сигарета	_	N.Fem.Inan	A1	LM	2	сигареты	Acc.Plur	_	_	_	_
сигарета	_	N.Fem.Inan	A1	LM	3	сигарет	Gen.Plur	_	_	_	_
симпатичный	_	A	A1	Golosa, MiP, LM	1	симпатичный	Nom.Masc.Sing	_	_	_	_
симпатичный	_	A	A1	Golosa, MiP, LM	2	симпатичен	Masc.Sing	_	_	_	_
симпатичный	_	A	A1	Golosa, MiP, LM	3	симпатичная	Nom.Fem.Sing	_	_	_	_
система	_	N.Fem.Inan	A1	Golosa, LM	1	системы	Gen.Sing	_	_	_	_
система	_	N.Fem.Inan	A1	Golosa, LM	2	систем	Gen.Plur	_	_	_	_
система	_	N.Fem.Inan	A1	Golosa, LM	3	система	Nom.Sing	_	_	_	_
сказка	_	N.Fem.Inan	A1	Golosa, MiP, LM	1	сказка	Nom.Sing	_	_	_	_
сказка	_	N.Fem.Inan	A1	Golosa, MiP, LM	2	сказок	Gen.Plur	_	_	_	_
сказка	_	N.Fem.Inan	A1	Golosa, MiP, LM	3	сказки	Gen.Sing	_	_	_	_
скрипка	_	N.Fem.Inan	A1	Golosa, MiP, LM	1	скрипке	Loc.Sing	_	_	_	_
скрипка	_	N.Fem.Inan	A1	Golosa, MiP, LM	2	скрипки	Gen.Sing	_	_	_	_
скрипка	_	N.Fem.Inan	A1	Golosa, MiP, LM	3	скрипок	Gen.Plur	_	_	_	_
сладкий	_	A	A1	LM	1	сладкий	Inan.Acc.Masc.Sing	_	_	_	_
сладкий	_	A	A1	LM	2	сладкая	Nom.Fem.Sing	_	_	_	_
сладкий	_	A	A1	LM	3	сладких	Gen.Plur	_	_	_	_
сложный	_	A	A1	Golosa, LM	1	сложно	Neut.Sing	_	_	_	_
сложный	_	A	A1	Golosa, LM	2	сложнее	Comp	_	_	_	_
сложный	_	A	A1	Golosa, LM	3	сложные	Nom.Plur	_	_	_	_
случай	_	N.Masc.Inan	A1	LM	1	случае	Loc.Sing	_	_	_	_
случай	_	N.Masc.Inan	A1	LM	2	случаях	Loc.Plur	_	_	_	_
случай	_	N.Masc.Inan	A1	LM	3	случаев	Gen.Plur	_	_	_	_
случаться	_	V	A1	LM	1	случаются	Plur.3.Pres/Fut	_	_	_	_
случаться	_	V	A1	LM	2	случается	Sing.3.Pres/Fut	_	_	_	_
случаться	_	V	A1	LM	3	случалось	Neut.Sing.Past	_	_	_	_
случиться	_	V	A1	Golosa	1	случилось	Neut.Sing.Past	_	_	_	_
случиться	_	V	A1	Golosa	2	случится	Sing.3.Pres/Fut	_	_	_	_
случиться	_	V	A1	Golosa	3	случиться	Inf	_	_	_	_
слушать	_	V	A1	Golosa, MiP, LM	1	слушать	Inf	_	_	_	_
слушать	_	V	A1	Golosa, MiP, LM	2	слушай	Imper.Sing.2	_	_	_	_
слушать	_	V	A1	Golosa, MiP, LM	3	слушала	Fem.Sing.Past	_	_	_	_
слышать	_	V	A1	Golosa, MiP, LM	1	слышал	Masc.Sing.Past	_	_	_	_
слышать	_	V	A1	Golosa, MiP, LM	2	слышали	Plur.Past	_	_	_	_
слышать	_	V	A1	Golosa, MiP, LM	3	слышала	Fem.Sing.Past	_	_	_	_
смешной	_	A	A1	Golosa, LM	1	смешно	Neut.Sing	_	_	_	_
смешной	_	A	A1	Golosa, LM	2	смешное	Nom.Neut.Sing	_	_	_	_
смешной	_	A	A1	Golosa, LM	3	смешной	Nom.Masc.Sing	_	_	_	_
смеяться	_	V	A1	MiP, LM	1	смеются	Plur.3.Pres/Fut	_	_	_	_
смеяться	_	V	A1	MiP, LM	2	смеётся	Sing.3.Pres/Fut	_	_	_	_
смеяться	_	V	A1	MiP, LM	3	смеялись	Plur.Past	_	_	_	_
собирать	_	V	A1	Golosa, MiP, LM	1	собирать	Inf	_	_	_	_
собирать	_	V	A1	Golosa, MiP, LM	2	собирают	Plur.3.Pres/Fut	_	_	_	_
собирать	_	V	A1	Golosa, MiP, LM	3	собирали	Plur.Past	_	_	_	_
собор	_	N.Masc.Inan	A1	LM	1	собора	Gen.Sing	_	_	_	_
собор	_	N.Masc.Inan	A1	LM	2	соборов	Gen.Plur	_	_	_	_
собор	_	N.Masc.Inan	A1	LM	3	собор	Nom.Sing	_	_	_	_
собрание	_	N.Neut.Inan	A1	LM	1	собрание	Nom.Sing	_	_	_	_
собрание	_	N.Neut.Inan	A1	LM	2	собрания	Gen.Sing	_	_	_	_
собрание	_	N.Neut.Inan	A1	LM	3	собрании	Loc.Sing	_	_	_	_
собрать	_	V	A1	MiP	1	собрать	Inf	_	_	_	_
собрать	_	V	A1	MiP	2	собрал	Masc.Sing.Past	_	_	_	_
собрать	_	A	A1	MiP	3	собраны	Plur	_	_	_	_
совет	_	N.Masc.Inan	A1	LM	1	совета	Gen.Sing	_	_	_	_
совет	_	N.Masc.Inan	A1	LM	2	совет	Nom.Sing	_	_	_	_
совет	_	N.Masc.Inan	A1	LM	3	советы	Acc.Plur	_	_	_	_
советовать	_	V	A1	Golosa, LM	1	советую	Sing.1.Pres/Fut	_	_	_	_
советовать	_	V	A1	Golosa, LM	2	советуют	Plur.3.Pres/Fut	_	_	_	_
советовать	_	V	A1	Golosa, LM	3	советовал	Masc.Sing.Past	_	_	_	_
сожаление	_	N.Neut.Inan	A1	MiP, LM	1	сожалению	Dat.Sing	_	_	_	_
сообщать	_	V	A1	LM	1	сообщает	Sing.3.Pres/Fut	_	_	_	_
сообщать	_	V	A1	LM	2	сообщать	Inf	_	_	_	_
сообщать	_	V	A1	LM	3	сообщала	Fem.Sing.Past	_	_	_	_
сообщение	_	N.Neut.Inan	A1	Golosa, LM	1	сообщения	Gen.Sing	_	_	_	_
сообщение	_	N.Neut.Inan	A1	Golosa, LM	2	сообщение	Nom.Sing	_	_	_	_
сообщение	_	N.Neut.Inan	A1	Golosa, LM	3	сообщении	Loc.Sing	_	_	_	_
соседний	_	A	A1	LM	1	соседних	Gen.Plur	_	_	_	_
соседний	_	A	A1	LM	2	соседнем	Loc.Masc.Sing	_	_	_	_
соседний	_	A	A1	LM	3	соседние	Inan.Acc.Plur	_	_	_	_
специалист	_	N.Masc.Anim	A1	LM	1	специалистов	Gen.Plur	_	_	_	_
специалист	_	N.Masc.Anim	A1	LM	2	специалисты	Nom.Plur	_	_	_	_
специалист	_	N.Masc.Anim	A1	LM	3	специалист	Nom.Sing	_	_	_	_
спичка	_	N.Fem.Inan	A1	LM	1	спички	Acc.Plur	_	_	_	_
спичка	_	N.Fem.Inan	A1	LM	2	спичек	Gen.Plur	_	_	_	_
спичка	_	N.Fem.Inan	A1	LM	3	спичку	Acc.Sing	_	_	_	_
спортивный	_	A	A1	Golosa, MiP, LM	1	спортивных	Gen.Plur	_	_	_	_
спортивный	_	A	A1	Golosa, MiP, LM	2	спортивный	Nom.Masc.Sing	_	_	_	_
спортивный	_	A	A1	Golosa, MiP, LM	3	спортивные	Nom.Plur	_	_	_	_
спортсмен	_	N.Masc.Anim	A1	Golosa, LM	1	спортсменов	Gen.Plur	_	_	_	_
спортсмен	_	N.Masc.Anim	A1	Golosa, LM	2	спортсмены	Nom.Plur	_	_	_	_
спортсмен	_	N.Masc.Anim	A1	Golosa, LM	3	спортсменам	Dat.Plur	_	_	_	_
средний	_	A	A1	LM	1	среднего	Gen.Masc.Sing	_	_	_	_
средний	_	A	A1	LM	2	средний	Nom.Masc.Sing	_	_	_	_
средний	_	A	A1	LM	3	средних	Gen.Plur	_	_	_	_
ставить	_	V	A1	Golosa, LM	1	ставить	Inf	_	_	_	_
ставить	_	V	A1	Golosa, LM	2	ставит	Sing.3.Pres/Fut	_	_	_	_
ставить	_	V	A1	Golosa, LM	3	ставят	Plur.3.Pres/Fut	_	_	_	_
стакан	_	N.Masc.Inan	A1	Golosa, MiP, LM, Кс	1	стакан	Acc.Sing	_	_	_	_
стакан	_	N.Masc.Inan	A1	Golosa, MiP, LM, Кс	2	стакана	Gen.Sing	_	_	_	_
стакан	_	N.Masc.Inan	A1	Golosa, MiP, LM, Кс	3	стаканы	Acc.Plur	_	_	_	_
старость	_	N.Fem.Inan	A1	LM	1	старости	Gen.Sing	_	_	_	_
старость	_	N.Fem.Inan	A1	LM	2	старость	Nom.Sing	_	_	_	_
строитель	_	N.Masc.Anim	A1	LM	1	строителей	Gen.Plur	_	_	_	_
строитель	_	N.Masc.Anim	A1	LM	2	строители	Nom.Plur	_	_	_	_
строитель	_	N.Masc.Anim	A1	LM	3	строителям	Dat.Plur	_	_	_	_
суметь	_	V	A1	LM	1	сумел	Masc.Sing.Past	_	_	_	_
суметь	_	V	A1	LM	2	сумели	Plur.Past	_	_	_	_
суметь	_	V	A1	LM	3	сумела	Fem.Sing.Past	_	_	_	_
сутки	_	N.Inan	A1	LM	1	сутки	Acc.Plur	_	_	_	_
сутки	_	N.Inan	A1	LM	2	суток	Gen.Plur	_	_	_	_
сутки	_	N.Inan	A1	LM	3	сутками	Ins.Plur	_	_	_	_
талант	_	N.Masc.Inan	A1	Golosa, LM	1	талант	Nom.Sing	_	_	_	_
талант	_	N.Masc.Inan	A1	Golosa, LM	2	талантов	Gen.Plur	_	_	_	_
талант	_	N.Masc.Inan	A1	Golosa, LM	3	таланта	Gen.Sing	_	_	_	_
танец	_	N.Masc.Inan	A1	LM	1	танцы	Nom.Plur	_	_	_	_
танец	_	N.Masc.Inan	A1	LM	2	танцев	Gen.Plur	_	_	_	_
танец	_	N.Masc.Inan	A1	LM	3	танец	Acc.Sing	_	_	_	_
тарелка	_	N.Fem.Inan	A1	Golosa, MiP, LM	1	тарелку	Acc.Sing	_	_	_	_
тарелка	_	N.Fem.Inan	A1	Golosa, MiP, LM	2	тарелки	Nom.Plur	_	_	_	_
тарелка	_	N.Fem.Inan	A1	Golosa, MiP, LM	3	тарелок	Gen.Plur	_	_	_	_
твердый	_	A	A1	LM	1	твёрдая	Nom.Fem.Sing	_	_	_	_
твердый	_	A	A1	LM	2	твёрдые	Nom.Plur	_	_	_	_
твердый	_	A	A1	LM	3	твёрдую	Acc.Fem.Sing	_	_	_	_
тело	_	N.Neut.Inan	A1	Golosa, LM	1	тела	Gen.Sing	_	_	_	_
тело	_	N.Neut.Inan	A1	Golosa, LM	2	тело	Nom.Sing	_	_	_	_
тело	_	N.Neut.Inan	A1	Golosa, LM	3	телом	Ins.Sing	_	_	_	_
темный	_	A	A1	MiP, LM	1	темно	Neut.Sing	_	_	_	_
темный	_	A	A1	MiP, LM	2	тёмных	Gen.Plur	_	_	_	_
темный	_	A	A1	MiP, LM	3	тёмные	Nom.Plur	_	_	_	_
теплый	_	A	A1	MiP, LM	1	тёплой	Ins.Fem.Sing	_	_	_	_
теплый	_	A	A1	MiP, LM	2	тёплый	Nom.Masc.Sing	_	_	_	_
теплый	_	A	A1	MiP, LM	3	теплее	Comp	_	_	_	_
территория	_	N.Fem.Inan	A1	LM	1	территории	Loc.Sing	_	_	_	_
территория	_	N.Fem.Inan	A1	LM	2	территорий	Gen.Plur	_	_	_	_
территория	_	N.Fem.Inan	A1	LM	3	территорию	Acc.Sing	_	_	_	_
терять	_	V	A1	Golosa, LM	1	теряет	Sing.3.Pres/Fut	_	_	_	_
терять	_	V	A1	Golosa, LM	2	терять	Inf	_	_	_	_
терять	_	V	A1	Golosa, LM	3	теряют	Plur.3.Pres/Fut	_	_	_	_
торт	_	N.Masc.Inan	A1	Golosa, LM, Кс	1	торт	Acc.Sing	_	_	_	_
торт	_	N.Masc.Inan	A1	Golosa, LM, Кс	2	тортом	Ins.Sing	_	_	_	_
торт	_	N.Masc.Inan	A1	Golosa, LM, Кс	3	торта	Gen.Sing	_	_	_	_
точка	_	N.Fem.Inan	A1	Golosa, LM	1	точки	Gen.Sing	_	_	_	_
точка	_	N.Fem.Inan	A1	Golosa, LM	2	точку	Acc.Sing	_	_	_	_
точка	_	N.Fem.Inan	A1	Golosa, LM	3	точка	Nom.Sing	_	_	_	_
тратить	_	V	A1	MiP, LM	1	тратить	Inf	_	_	_	_
тратить	_	V	A1	MiP, LM	2	тратят	Plur.3.Pres/Fut	_	_	_	_
тратить	_	V	A1	MiP, LM	3	тратит	Sing.3.Pres/Fut	_	_	_	_
труд	_	N.Masc.Inan	A1	Golosa, LM	1	труда	Gen.Sing	_	_	_	_
труд	_	N.Masc.Inan	A1	Golosa, LM	2	трудом	Ins.Sing	_	_	_	_
труд	_	N.Masc.Inan	A1	Golosa, LM	3	труд	Acc.Sing	_	_	_	_
туфля	_	N.Fem.Inan	A1	LM	1	туфли	Nom.Plur	_	_	_	_
туфля	_	N.Fem.Inan	A1	LM	2	туфлями	Ins.Plur	_	_	_	_
туфля	_	N.Fem.Inan	A1	LM	3	туфель	Gen.Plur	_	_	_	_
тяжелый	_	A	A1	MiP, LM	1	тяжело	Neut.Sing	_	_	_	_
тяжелый	_	A	A1	MiP, LM	2	тяжёлая	Nom.Fem.Sing	_	_	_	_
тяжелый	_	A	A1	MiP, LM	3	тяжёлых	Gen.Plur	_	_	_	_
убивать	_	V	A1	LM	1	убивать	Inf	_	_	_	_
убивать	_	V	A1	LM	2	убивает	Sing.3.Pres/Fut	_	_	_	_
убивать	_	V	A1	LM	3	убивают	Plur.3.Pres/Fut	_	_	_	_
уважаемый	_	A	A1	LM	1	уважаемые	Nom.Plur	_	_	_	_
уважаемый	_	A	A1	LM	2	уважаемый	Nom.Masc.Sing	_	_	_	_
уважаемый	_	A	A1	LM	3	уважаемых	Gen.Plur	_	_	_	_
уважать	_	V	A1	LM	1	уважать	Inf	_	_	_	_
уважать	_	V	A1	LM	2	уважают	Plur.3.Pres/Fut	_	_	_	_
уважать	_	V	A1	LM	3	уважаю	Sing.1.Pres/Fut	_	_	_	_
уверенный	_	A	A1	LM	1	уверен	Masc.Sing	_	_	_	_
уверенный	_	A	A1	LM	2	уверены	Plur	_	_	_	_
уверенный	_	A	A1	LM	3	уверена	Fem.Sing	_	_	_	_
удивительный	_	A	A1	LM	1	удивительного	Gen.Neut.Sing	_	_	_	_
удивительный	_	A	A1	LM	2	удивительно	Neut.Sing	_	_	_	_
удивительный	_	A	A1	LM	3	удивительная	Nom.Fem.Sing	_	_	_	_
удобный	_	A	A1	LM	1	удобно	Neut.Sing	_	_	_	_
удобный	_	A	A1	LM	2	удобнее	Comp	_	_	_	_
удобный	_	A	A1	LM	3	удобном	Loc.Masc.Sing	_	_	_	_
уезжать	_	V	A1	Golosa, MiP, LM	1	уезжать	Inf	_	_	_	_
уезжать	_	V	A1	Golosa, MiP, LM	2	уезжают	Plur.3.Pres/Fut	_	_	_	_
уезжать	_	V	A1	Golosa, MiP, LM	3	уезжала	Fem.Sing.Past	_	_	_	_
уехать	_	V	A1	MiP	1	уехал	Masc.Sing.Past	_	_	_	_
уехать	_	V	A1	MiP	2	уехать	Inf	_	_	_	_
уехать	_	V	A1	MiP	3	уехали	Plur.Past	_	_	_	_
узкий	_	A	A1	Golosa, LM	1	узкие	Nom.Plur	_	_	_	_
узкий	_	A	A1	Golosa, LM	2	узкую	Acc.Fem.Sing	_	_	_	_
узкий	_	A	A1	Golosa, LM	3	узком	Loc.Masc.Sing	_	_	_	_
узнавать	_	V	A1	Golosa, LM	1	узнаёт	Sing.3.Pres/Fut	_	_	_	_
узнавать	_	V	A1	Golosa, LM	2	узнавать	Inf	_	_	_	_
узнавать	_	V	A1	Golosa, LM	3	узнавал	Masc.Sing.Past	_	_	_	_
уйти	_	V	A1	MiP	1	ушёл	Masc.Sing.Past	_	_	_	_
уйти	_	V	A1	MiP	2	ушла	Fem.Sing.Past	_	_	_	_
уйти	_	V	A1	MiP	3	ушли	Plur.Past	_	_	_	_
улыбаться	_	V	A1	MiP, LM	1	улыбаясь	Pres/Fut	_	_	_	_
улыбаться	_	V	A1	MiP, LM	2	улыбается	Sing.3.Pres/Fut	_	_	_	_
улыбаться	_	V	A1	MiP, LM	3	улыбался	Masc.Sing.Past	_	_	_	_
улыбнуться	_	V	A1	MiP	1	улыбнулся	Masc.Sing.Past	_	_	_	_
улыбнуться	_	V	A1	MiP	2	улыбнулась	Fem.Sing.Past	_	_	_	_
улыбнуться	_	V	A1	MiP	3	улыбнуться	Inf	_	_	_	_
ум	_	N.Masc.Inan	A1	LM	1	ума	Gen.Sing	_	_	_	_
ум	_	N.Masc.Inan	A1	LM	2	ум	Nom.Sing	_	_	_	_
ум	_	N.Masc.Inan	A1	LM	3	умом	Ins.Sing	_	_	_	_
уметь	_	V	A1	Golosa, LM	1	умеет	Sing.3.Pres/Fut	_	_	_	_
уметь	_	V	A1	Golosa, LM	2	умеют	Plur.3.Pres/Fut	_	_	_	_
уметь	_	V	A1	Golosa, LM	3	умею	Sing.1.Pres/Fut	_	_	_	_
упасть	_	V	A1	LM	1	упал	Masc.Sing.Past	_	_	_	_
упасть	_	V	A1	LM	2	упала	Fem.Sing.Past	_	_	_	_
упасть	_	V	A1	LM	3	упасть	Inf	_	_	_	_
услышать	_	V	A1	Golosa, MiP, LM	1	услышал	Masc.Sing.Past	_	_	_	_
услышать	_	V	A1	Golosa, MiP, LM	2	услышать	Inf	_	_	_	_
услышать	_	V	A1	Golosa, MiP, LM	3	услышали	Plur.Past	_	_	_	_
успех	_	N.Masc.Inan	A1	MiP, LM	1	успеха	Gen.Sing	_	_	_	_
успех	_	N.Masc.Inan	A1	MiP, LM	2	успех	Nom.Sing	_	_	_	_
успех	_	N.Masc.Inan	A1	MiP, LM	3	успехом	Ins.Sing	_	_	_	_
устав	_	N.Masc.Inan	A1	LM	1	устав	Acc.Sing	_	_	_	_
устав	_	N.Masc.Inan	A1	LM	2	уставе	Loc.Sing	_	_	_	_
устав	_	N.Masc.Inan	A1	LM	3	уставом	Ins.Sing	_	_	_	_
ухо	_	N.Neut.Inan	A1	Golosa, LM	1	уши	Acc.Plur	_	_	_	_
ухо	_	N.Neut.Inan	A1	Golosa, LM	2	ухо	Acc.Sing	_	_	_	_
ухо	_	N.Neut.Inan	A1	Golosa, LM	3	ушей	Gen.Plur	_	_	_	_
уходить	_	V	A1	Golosa, MiP, LM	1	уходит	Sing.3.Pres/Fut	_	_	_	_
уходить	_	V	A1	Golosa, MiP, LM	2	уходят	Plur.3.Pres/Fut	_	_	_	_
уходить	_	V	A1	Golosa, MiP, LM	3	уходить	Inf	_	_	_	_
участвовать	_	V	A1	LM	1	участвовать	Inf	_	_	_	_
участвовать	_	V	A1	LM	2	участвовал	Masc.Sing.Past	_	_	_	_
участвовать	_	V	A1	LM	3	участвовали	Plur.Past	_	_	_	_
учебный	_	A	A1	Golosa, LM	1	учебной	Gen.Fem.Sing	_	_	_	_
учебный	_	A	A1	Golosa, LM	2	учебного	Gen.Masc.Sing	_	_	_	_
учебный	_	A	A1	Golosa, LM	3	учебных	Loc.Plur	_	_	_	_
фестиваль	_	N.Masc.Inan	A1	LM	1	фестиваля	Gen.Sing	_	_	_	_
фестиваль	_	N.Masc.Inan	A1	LM	2	фестивале	Loc.Sing	_	_	_	_
фестиваль	_	N.Masc.Inan	A1	LM	3	фестиваль	Nom.Sing	_	_	_	_
фонтан	_	N.Masc.Inan	A1	LM	1	фонтаны	Acc.Plur	_	_	_	_
фонтан	_	N.Masc.Inan	A1	LM	2	фонтаном	Ins.Sing	_	_	_	_
фонтан	_	N.Masc.Inan	A1	LM	3	фонтан	Acc.Sing	_	_	_	_
хирург	_	N.Masc.Anim	A1	LM	1	хирург	Nom.Sing	_	_	_	_
хирург	_	N.Masc.Anim	A1	LM	2	хирурга	Gen.Sing	_	_	_	_
хирург	_	N.Masc.Anim	A1	LM	3	хирурги	Nom.Plur	_	_	_	_
хор	_	N.Masc.Inan	A1	LM	1	хором	Ins.Sing	_	_	_	_
хор	_	N.Masc.Inan	A1	LM	2	хор	Nom.Sing	_	_	_	_
хор	_	N.Masc.Inan	A1	LM	3	хоры	Nom.Plur	_	_	_	_
царь	_	N.Masc.Anim	A1	Golosa, LM	1	царь	Nom.Sing	_	_	_	_
царь	_	N.Masc.Anim	A1	Golosa, LM	2	царя	Gen.Sing	_	_	_	_
царь	_	N.Masc.Anim	A1	Golosa, LM	3	царём	Ins.Sing	_	_	_	_
цветной	_	A	A1	Golosa, LM	1	цветной	Nom.Masc.Sing	_	_	_	_
цветной	_	A	A1	Golosa, LM	2	цветных	Gen.Plur	_	_	_	_
цветной	_	A	A1	Golosa, LM	3	цветные	Nom.Plur	_	_	_	_
целовать	_	V	A1	MiP, LM	1	целует	Sing.3.Pres/Fut	_	_	_	_
целовать	_	V	A1	MiP, LM	2	целую	Sing.1.Pres/Fut	_	_	_	_
целовать	_	V	A1	MiP, LM	3	целовал	Masc.Sing.Past	_	_	_	_
целый	_	A	A1	LM	1	целый	Inan.Acc.Masc.Sing	_	_	_	_
целый	_	A	A1	LM	2	целая	Nom.Fem.Sing	_	_	_	_
целый	_	A	A1	LM	3	целую	Acc.Fem.Sing	_	_	_	_
ценить	_	V	A1	Golosa, LM	1	ценят	Plur.3.Pres/Fut	_	_	_	_
ценить	_	V	A1	Golosa, LM	2	ценю	Sing.1.Pres/Fut	_	_	_	_
ценить	_	V	A1	Golosa, LM	3	ценить	Inf	_	_	_	_
центральный	_	A	A1	Golosa, LM	1	центрального	Gen.Masc.Sing	_	_	_	_
центральный	_	A	A1	Golosa, LM	2	центральной	Gen.Fem.Sing	_	_	_	_
центральный	_	A	A1	Golosa, LM	3	центральная	Nom.Fem.Sing	_	_	_	_
черт	_	N.Masc.Anim	A1	MiP, LM	1	чёрт	Nom.Sing	_	_	_	_
черт	_	N.Masc.Anim	A1	MiP, LM	2	чертей	Gen.Plur	_	_	_	_
черт	_	N.Masc.Anim	A1	MiP, LM	3	чёрту	Dat.Sing	_	_	_	_
честный	_	A	A1	LM, Кс	1	честное	Nom.Neut.Sing	_	_	_	_
честный	_	A	A1	LM, Кс	2	честные	Nom.Plur	_	_	_	_
честный	_	A	A1	LM, Кс	3	честных	Gen.Plur	_	_	_	_
чистый	_	A	A1	LM	1	чистый	Nom.Masc.Sing	_	_	_	_
чистый	_	A	A1	LM	2	чистую	Acc.Fem.Sing	_	_	_	_
чистый	_	A	A1	LM	3	чистой	Ins.Fem.Sing	_	_	_	_
читатель	_	N.Masc.Anim	A1	LM	1	читатель	Nom.Sing	_	_	_	_
читатель	_	N.Masc.Anim	A1	LM	2	читателей	Gen.Plur	_	_	_	_
читатель	_	N.Masc.Anim	A1	LM	3	читателя	Gen.Sing	_	_	_	_
чтение	_	N.Neut.Inan	A1	LM	1	чтении	Loc.Sing	_	_	_	_
чтение	_	N.Neut.Inan	A1	LM	2	чтения	Gen.Sing	_	_	_	_
чтение	_	N.Neut.Inan	A1	LM	3	чтение	Nom.Sing	_	_	_	_
чувство	_	N.Neut.Inan	A1	Golosa, MiP, LM	1	чувство	Nom.Sing	_	_	_	_
чувство	_	N.Neut.Inan	A1	Golosa, MiP, LM	2	чувств	Gen.Plur	_	_	_	_
чувство	_	N.Neut.Inan	A1	Golosa, MiP, LM	3	чувства	Gen.Sing	_	_	_	_
шапка	_	N.Fem.Inan	A1	Golosa, MiP, LM, Поехали	1	шапку	Acc.Sing	_	_	_	_
шапка	_	N.Fem.Inan	A1	Golosa, MiP, LM, Поехали	2	шапки	Gen.Sing	_	_	_	_
шапка	_	N.Fem.Inan	A1	Golosa, MiP, LM, Поехали	3	шапка	Nom.Sing	_	_	_	_
шахматы	_	N.Inan	A1	Golosa, LM	1	шахматы	Acc.Plur	_	_	_	_
шахматы	_	N.Inan	A1	Golosa, LM	2	шахматам	Dat.Plur	_	_	_	_
шахматы	_	N.Inan	A1	Golosa, LM	3	шахмат	Gen.Plur	_	_	_	_
широкий	_	A	A1	Golosa, MiP, LM	1	широкую	Acc.Fem.Sing	_	_	_	_
широкий	_	A	A1	Golosa, MiP, LM	2	широких	Gen.Plur	_	_	_	_
широкий	_	A	A1	Golosa, MiP, LM	3	широком	Loc.Masc.Sing	_	_	_	_
школьник	_	N.Masc.Anim	A1	Golosa, LM	1	школьников	Gen.Plur	_	_	_	_
школьник	_	N.Masc.Anim	A1	Golosa, LM	2	школьники	Nom.Plur	_	_	_	_
школьник	_	N.Masc.Anim	A1	Golosa, LM	3	школьник	Nom.Sing	_	_	_	_
шоколад	_	N.Masc.Inan	A1	MiP, LM	1	шоколада	Gen.Sing	_	_	_	_
шоколад	_	N.Masc.Inan	A1	MiP, LM	2	шоколад	Acc.Sing	_	_	_	_
шоколад	_	N.Masc.Inan	A1	MiP, LM	3	шоколадом	Ins.Sing	_	_	_	_
шуметь	_	V	A1	LM	1	шумит	Sing.3.Pres/Fut	_	_	_	_
шуметь	_	V	A1	LM	2	шумел	Masc.Sing.Past	_	_	_	_
шуметь	_	V	A1	LM	3	шумят	Plur.3.Pres/Fut	_	_	_	_
шутить	_	V	A1	LM	1	шутить	Inf	_	_	_	_
шутить	_	V	A1	LM	2	шутят	Plur.3.Pres/Fut	_	_	_	_
шутить	_	V	A1	LM	3	шучу	Sing.1.Pres/Fut	_	_	_	_
шутка	_	N.Fem.Inan	A1	LM	1	шутка	Nom.Sing	_	_	_	_
шутка	_	N.Fem.Inan	A1	LM	2	шутки	Nom.Plur	_	_	_	_
шутка	_	N.Fem.Inan	A1	LM	3	шутку	Acc.Sing	_	_	_	_
щи	_	N.Inan	A1	Golosa, LM	1	щей	Gen.Plur	_	_	_	_
щи	_	N.Inan	A1	Golosa, LM	2	щи	Nom.Plur	_	_	_	_
щи	_	N.Inan	A1	Golosa, LM	3	щами	Ins.Plur	_	_	_	_
энергия	_	N.Fem.Inan	A1	LM	1	энергии	Gen.Sing	_	_	_	_
энергия	_	N.Fem.Inan	A1	LM	2	энергия	Nom.Sing	_	_	_	_
энергия	_	N.Fem.Inan	A1	LM	3	энергию	Acc.Sing	_	_	_	_
юбка	_	N.Fem.Inan	A1	Golosa, LM, Поехали	1	юбке	Loc.Sing	_	_	_	_
юбка	_	N.Fem.Inan	A1	Golosa, LM, Поехали	2	юбку	Acc.Sing	_	_	_	_
юбка	_	N.Fem.Inan	A1	Golosa, LM, Поехали	3	юбкой	Ins.Sing	_	_	_	_
юг	_	N.Masc.Inan	A1	Golosa, LM	1	юге	Loc.Sing	_	_	_	_
юг	_	N.Masc.Inan	A1	Golosa, LM	2	юг	Acc.Sing	_	_	_	_
юг	_	N.Masc.Inan	A1	Golosa, LM	3	юга	Gen.Sing	_	_	_	_
юность	_	N.Fem.Inan	A1	LM	1	юности	Loc.Sing	_	_	_	_
юность	_	N.Fem.Inan	A1	LM	2	юность	Nom.Sing	_	_	_	_
юность	_	N.Fem.Inan	A1	LM	3	юностей	Gen.Plur	_	_	_	_
являться	_	V	A1	LM	1	является	Sing.3.Pres/Fut	_	_	_	_
являться	_	V	A1	LM	2	являются	Plur.3.Pres/Fut	_	_	_	_
являться	_	V	A1	LM	3	являться	Inf	_	_	_	_
ягода	_	N.Fem.Inan	A1	LM	1	ягод	Gen.Plur	_	_	_	_
ягода	_	N.Fem.Inan	A1	LM	2	ягоды	Nom.Plur	_	_	_	_
ягода	_	N.Fem.Inan	A1	LM	3	ягодами	Ins.Plur	_	_	_	_
яркий	_	A	A1	LM	1	ярких	Gen.Plur	_	_	_	_
яркий	_	A	A1	LM	2	яркие	Nom.Plur	_	_	_	_
яркий	_	A	A1	LM	3	яркий	Nom.Masc.Sing	_	_	_	_